
> maison-de-renard-frontend@0.1.0 start
> react-scripts start

Starting the development server...

Compiled successfully!

You can now view maison-de-renard-frontend in the browser.

  Local:            http://localhost:3000
  On Your Network:  http://192.168.111.1:3000

Note that the development build is not optimized.
To create a production build, use npm run build.

webpack compiled successfully
Compiling...
Compiled with warnings.

[eslint] 
src\components\ShopTheLookSection.jsx
  Line 2:39:  'Button' is defined but never used  no-unused-vars

Search for the keywords to learn more about each warning.
To ignore, add // eslint-disable-next-line to the line before.

WARNING in [eslint] 
src\components\ShopTheLookSection.jsx
  Line 2:39:  'Button' is defined but never used  no-unused-vars

webpack compiled with 1 warning
Compiling...
Compiled with warnings.

[eslint] 
src\components\ShopTheLookSection.jsx
  Line 2:39:  'Button' is defined but never used  no-unused-vars

Search for the keywords to learn more about each warning.
To ignore, add // eslint-disable-next-line to the line before.

WARNING in [eslint] 
src\components\ShopTheLookSection.jsx
  Line 2:39:  'Button' is defined but never used  no-unused-vars

webpack compiled with 1 warning
Compiling...
Compiled with warnings.

[eslint] 
src\components\ShopTheLookSection.jsx
  Line 2:39:  'Button' is defined but never used  no-unused-vars

Search for the keywords to learn more about each warning.
To ignore, add // eslint-disable-next-line to the line before.

WARNING in [eslint] 
src\components\ShopTheLookSection.jsx
  Line 2:39:  'Button' is defined but never used  no-unused-vars

webpack compiled with 1 warning
Compiling...
Compiled successfully!
webpack compiled successfully
Compiling...
Compiled successfully!
webpack compiled successfully
Compiling...
Compiled successfully!
webpack compiled successfully
Compiling...
Compiled successfully!
webpack compiled successfully
Compiling...
Compiled with warnings.

[eslint] 
src\components\ShopTheLookSection.jsx
  Line 21:12:  'hoveredCard' is assigned a value but never used     no-unused-vars
  Line 21:25:  'setHoveredCard' is assigned a value but never used  no-unused-vars

Search for the keywords to learn more about each warning.
To ignore, add // eslint-disable-next-line to the line before.

WARNING in [eslint] 
src\components\ShopTheLookSection.jsx
  Line 21:12:  'hoveredCard' is assigned a value but never used     no-unused-vars
  Line 21:25:  'setHoveredCard' is assigned a value but never used  no-unused-vars

webpack compiled with 1 warning
Compiling...
Compiled successfully!
webpack compiled successfully
Compiling...
Compiled successfully!
webpack compiled successfully
Compiling...
Compiled successfully!
webpack compiled successfully
Compiling...
Compiled with warnings.

[eslint] 
src\components\ShopTheLookSection.jsx
  Line 33:11:  'scrollX' is assigned a value but never used  no-unused-vars

Search for the keywords to learn more about each warning.
To ignore, add // eslint-disable-next-line to the line before.

WARNING in [eslint] 
src\components\ShopTheLookSection.jsx
  Line 33:11:  'scrollX' is assigned a value but never used  no-unused-vars

webpack compiled with 1 warning
Compiling...
Compiled successfully!
webpack compiled successfully
Compiling...
Compiled successfully!
webpack compiled successfully
Compiling...
Compiled with warnings.

[eslint] 
src\pages\HomePage.jsx
  Line 219:11:  'womanOutfitPieces' is assigned a value but never used  no-unused-vars

Search for the keywords to learn more about each warning.
To ignore, add // eslint-disable-next-line to the line before.

WARNING in [eslint] 
src\pages\HomePage.jsx
  Line 219:11:  'womanOutfitPieces' is assigned a value but never used  no-unused-vars

webpack compiled with 1 warning
Compiling...
Compiled successfully!
webpack compiled successfully
Compiling...
Compiled successfully!
webpack compiled successfully
Compiling...
Compiled with warnings.

[eslint] 
src\pages\ProductsPage.jsx
  Line 22:8:  'RecentlyViewed' is defined but never used  no-unused-vars

Search for the keywords to learn more about each warning.
To ignore, add // eslint-disable-next-line to the line before.

WARNING in [eslint] 
src\pages\ProductsPage.jsx
  Line 22:8:  'RecentlyViewed' is defined but never used  no-unused-vars

webpack compiled with 1 warning
Compiling...
Compiled with warnings.

[eslint] 
src\pages\ProductsPage.jsx
  Line 22:8:  'RecentlyViewed' is defined but never used  no-unused-vars

Search for the keywords to learn more about each warning.
To ignore, add // eslint-disable-next-line to the line before.

WARNING in [eslint] 
src\pages\ProductsPage.jsx
  Line 22:8:  'RecentlyViewed' is defined but never used  no-unused-vars

webpack compiled with 1 warning
Compiling...
Compiled successfully!
webpack compiled successfully
Compiling...
Compiled with warnings.

[eslint] 
src\pages\SpecialOffersPage.js
  Line 19:8:  'RecentlyViewed' is defined but never used  no-unused-vars

Search for the keywords to learn more about each warning.
To ignore, add // eslint-disable-next-line to the line before.

WARNING in [eslint] 
src\pages\SpecialOffersPage.js
  Line 19:8:  'RecentlyViewed' is defined but never used  no-unused-vars

webpack compiled with 1 warning
Compiling...
Failed to compile.

[eslint] 
src\pages\SpecialOffersPage.js
Syntax error: Identifier 'RecentlyViewed' has already been declared. (20:7) (20:7)
ERROR in ./src/pages/SpecialOffersPage.js
Module build failed (from ./node_modules/babel-loader/lib/index.js):
SyntaxError: C:\Users\38972\Desktop\Timski\MaisonDeRenard\frontend\src\pages\SpecialOffersPage.js: Identifier 'RecentlyViewed' has already been declared. (20:7)

  18 | import Reveal from '../components/Reveal';
  19 | import RecentlyViewed from '../components/RecentlyViewed';
> 20 | import RecentlyViewed from '../components/RecentlyViewed';
     |        ^
  21 |
  22 | const SpecialOffersPage = () => {
  23 |     const navigate = useNavigate();
    at constructor (C:\Users\38972\Desktop\Timski\MaisonDeRenard\frontend\node_modules\@babel\parser\lib\index.js:367:19)
    at FlowParserMixin.raise (C:\Users\38972\Desktop\Timski\MaisonDeRenard\frontend\node_modules\@babel\parser\lib\index.js:6630:19)
    at FlowScopeHandler.checkRedeclarationInScope (C:\Users\38972\Desktop\Timski\MaisonDeRenard\frontend\node_modules\@babel\parser\lib\index.js:1647:19)
    at FlowScopeHandler.declareName (C:\Users\38972\Desktop\Timski\MaisonDeRenard\frontend\node_modules\@babel\parser\lib\index.js:1613:12)
    at FlowScopeHandler.declareName (C:\Users\38972\Desktop\Timski\MaisonDeRenard\frontend\node_modules\@babel\parser\lib\index.js:1714:11)
    at FlowParserMixin.declareNameFromIdentifier (C:\Users\38972\Desktop\Timski\MaisonDeRenard\frontend\node_modules\@babel\parser\lib\index.js:7594:16)
    at FlowParserMixin.checkIdentifier (C:\Users\38972\Desktop\Timski\MaisonDeRenard\frontend\node_modules\@babel\parser\lib\index.js:7590:12)
    at FlowParserMixin.checkLVal (C:\Users\38972\Desktop\Timski\MaisonDeRenard\frontend\node_modules\@babel\parser\lib\index.js:7529:12)
    at FlowParserMixin.finishImportSpecifier (C:\Users\38972\Desktop\Timski\MaisonDeRenard\frontend\node_modules\@babel\parser\lib\index.js:14275:10)
    at FlowParserMixin.parseImportSpecifierLocal (C:\Users\38972\Desktop\Timski\MaisonDeRenard\frontend\node_modules\@babel\parser\lib\index.js:3414:31)
    at FlowParserMixin.maybeParseDefaultImportSpecifier (C:\Users\38972\Desktop\Timski\MaisonDeRenard\frontend\node_modules\@babel\parser\lib\index.js:14379:12)
    at FlowParserMixin.parseImportSpecifiersAndAfter (C:\Users\38972\Desktop\Timski\MaisonDeRenard\frontend\node_modules\@babel\parser\lib\index.js:14248:29)
    at FlowParserMixin.parseImport (C:\Users\38972\Desktop\Timski\MaisonDeRenard\frontend\node_modules\@babel\parser\lib\index.js:14244:17)
    at FlowParserMixin.parseStatementContent (C:\Users\38972\Desktop\Timski\MaisonDeRenard\frontend\node_modules\@babel\parser\lib\index.js:12885:27)
    at FlowParserMixin.parseStatementLike (C:\Users\38972\Desktop\Timski\MaisonDeRenard\frontend\node_modules\@babel\parser\lib\index.js:12776:17)
    at FlowParserMixin.parseStatementLike (C:\Users\38972\Desktop\Timski\MaisonDeRenard\frontend\node_modules\@babel\parser\lib\index.js:2949:24)
    at FlowParserMixin.parseModuleItem (C:\Users\38972\Desktop\Timski\MaisonDeRenard\frontend\node_modules\@babel\parser\lib\index.js:12753:17)
    at FlowParserMixin.parseBlockOrModuleBlockBody (C:\Users\38972\Desktop\Timski\MaisonDeRenard\frontend\node_modules\@babel\parser\lib\index.js:13325:36)
    at FlowParserMixin.parseBlockBody (C:\Users\38972\Desktop\Timski\MaisonDeRenard\frontend\node_modules\@babel\parser\lib\index.js:13318:10)
    at FlowParserMixin.parseProgram (C:\Users\38972\Desktop\Timski\MaisonDeRenard\frontend\node_modules\@babel\parser\lib\index.js:12634:10)
    at FlowParserMixin.parseTopLevel (C:\Users\38972\Desktop\Timski\MaisonDeRenard\frontend\node_modules\@babel\parser\lib\index.js:12624:25)
    at FlowParserMixin.parseTopLevel (C:\Users\38972\Desktop\Timski\MaisonDeRenard\frontend\node_modules\@babel\parser\lib\index.js:3718:28)
    at FlowParserMixin.parse (C:\Users\38972\Desktop\Timski\MaisonDeRenard\frontend\node_modules\@babel\parser\lib\index.js:14501:10)
    at parse (C:\Users\38972\Desktop\Timski\MaisonDeRenard\frontend\node_modules\@babel\parser\lib\index.js:14535:38)
    at parser (C:\Users\38972\Desktop\Timski\MaisonDeRenard\frontend\node_modules\@babel\core\lib\parser\index.js:41:34)
    at parser.next (<anonymous>)
    at normalizeFile (C:\Users\38972\Desktop\Timski\MaisonDeRenard\frontend\node_modules\@babel\core\lib\transformation\normalize-file.js:64:37)
    at normalizeFile.next (<anonymous>)
    at run (C:\Users\38972\Desktop\Timski\MaisonDeRenard\frontend\node_modules\@babel\core\lib\transformation\index.js:22:50)
    at run.next (<anonymous>)
    at transform (C:\Users\38972\Desktop\Timski\MaisonDeRenard\frontend\node_modules\@babel\core\lib\transform.js:22:33)
    at transform.next (<anonymous>)
    at step (C:\Users\38972\Desktop\Timski\MaisonDeRenard\frontend\node_modules\gensync\index.js:261:32)
    at C:\Users\38972\Desktop\Timski\MaisonDeRenard\frontend\node_modules\gensync\index.js:273:13
    at async.call.result.err.err (C:\Users\38972\Desktop\Timski\MaisonDeRenard\frontend\node_modules\gensync\index.js:223:11)

ERROR in [eslint] 
src\pages\SpecialOffersPage.js
  Line 20:7:  Parsing error: Identifier 'RecentlyViewed' has already been declared. (20:7)

webpack compiled with 2 errors
Compiling...
Failed to compile.

[eslint] 
src\pages\SpecialOffersPage.js
Syntax error: Identifier 'RecentlyViewed' has already been declared. (20:7) (20:7)
ERROR in ./src/pages/SpecialOffersPage.js
Module build failed (from ./node_modules/babel-loader/lib/index.js):
SyntaxError: C:\Users\38972\Desktop\Timski\MaisonDeRenard\frontend\src\pages\SpecialOffersPage.js: Identifier 'RecentlyViewed' has already been declared. (20:7)

  18 | import Reveal from '../components/Reveal';
  19 | import RecentlyViewed from '../components/RecentlyViewed';
> 20 | import RecentlyViewed from '../components/RecentlyViewed';
     |        ^
  21 |
  22 | const SpecialOffersPage = () => {
  23 |     const navigate = useNavigate();
    at constructor (C:\Users\38972\Desktop\Timski\MaisonDeRenard\frontend\node_modules\@babel\parser\lib\index.js:367:19)
    at FlowParserMixin.raise (C:\Users\38972\Desktop\Timski\MaisonDeRenard\frontend\node_modules\@babel\parser\lib\index.js:6630:19)
    at FlowScopeHandler.checkRedeclarationInScope (C:\Users\38972\Desktop\Timski\MaisonDeRenard\frontend\node_modules\@babel\parser\lib\index.js:1647:19)
    at FlowScopeHandler.declareName (C:\Users\38972\Desktop\Timski\MaisonDeRenard\frontend\node_modules\@babel\parser\lib\index.js:1613:12)
    at FlowScopeHandler.declareName (C:\Users\38972\Desktop\Timski\MaisonDeRenard\frontend\node_modules\@babel\parser\lib\index.js:1714:11)
    at FlowParserMixin.declareNameFromIdentifier (C:\Users\38972\Desktop\Timski\MaisonDeRenard\frontend\node_modules\@babel\parser\lib\index.js:7594:16)
    at FlowParserMixin.checkIdentifier (C:\Users\38972\Desktop\Timski\MaisonDeRenard\frontend\node_modules\@babel\parser\lib\index.js:7590:12)
    at FlowParserMixin.checkLVal (C:\Users\38972\Desktop\Timski\MaisonDeRenard\frontend\node_modules\@babel\parser\lib\index.js:7529:12)
    at FlowParserMixin.finishImportSpecifier (C:\Users\38972\Desktop\Timski\MaisonDeRenard\frontend\node_modules\@babel\parser\lib\index.js:14275:10)
    at FlowParserMixin.parseImportSpecifierLocal (C:\Users\38972\Desktop\Timski\MaisonDeRenard\frontend\node_modules\@babel\parser\lib\index.js:3414:31)
    at FlowParserMixin.maybeParseDefaultImportSpecifier (C:\Users\38972\Desktop\Timski\MaisonDeRenard\frontend\node_modules\@babel\parser\lib\index.js:14379:12)
    at FlowParserMixin.parseImportSpecifiersAndAfter (C:\Users\38972\Desktop\Timski\MaisonDeRenard\frontend\node_modules\@babel\parser\lib\index.js:14248:29)
    at FlowParserMixin.parseImport (C:\Users\38972\Desktop\Timski\MaisonDeRenard\frontend\node_modules\@babel\parser\lib\index.js:14244:17)
    at FlowParserMixin.parseStatementContent (C:\Users\38972\Desktop\Timski\MaisonDeRenard\frontend\node_modules\@babel\parser\lib\index.js:12885:27)
    at FlowParserMixin.parseStatementLike (C:\Users\38972\Desktop\Timski\MaisonDeRenard\frontend\node_modules\@babel\parser\lib\index.js:12776:17)
    at FlowParserMixin.parseStatementLike (C:\Users\38972\Desktop\Timski\MaisonDeRenard\frontend\node_modules\@babel\parser\lib\index.js:2949:24)
    at FlowParserMixin.parseModuleItem (C:\Users\38972\Desktop\Timski\MaisonDeRenard\frontend\node_modules\@babel\parser\lib\index.js:12753:17)
    at FlowParserMixin.parseBlockOrModuleBlockBody (C:\Users\38972\Desktop\Timski\MaisonDeRenard\frontend\node_modules\@babel\parser\lib\index.js:13325:36)
    at FlowParserMixin.parseBlockBody (C:\Users\38972\Desktop\Timski\MaisonDeRenard\frontend\node_modules\@babel\parser\lib\index.js:13318:10)
    at FlowParserMixin.parseProgram (C:\Users\38972\Desktop\Timski\MaisonDeRenard\frontend\node_modules\@babel\parser\lib\index.js:12634:10)
    at FlowParserMixin.parseTopLevel (C:\Users\38972\Desktop\Timski\MaisonDeRenard\frontend\node_modules\@babel\parser\lib\index.js:12624:25)
    at FlowParserMixin.parseTopLevel (C:\Users\38972\Desktop\Timski\MaisonDeRenard\frontend\node_modules\@babel\parser\lib\index.js:3718:28)
    at FlowParserMixin.parse (C:\Users\38972\Desktop\Timski\MaisonDeRenard\frontend\node_modules\@babel\parser\lib\index.js:14501:10)
    at parse (C:\Users\38972\Desktop\Timski\MaisonDeRenard\frontend\node_modules\@babel\parser\lib\index.js:14535:38)
    at parser (C:\Users\38972\Desktop\Timski\MaisonDeRenard\frontend\node_modules\@babel\core\lib\parser\index.js:41:34)
    at parser.next (<anonymous>)
    at normalizeFile (C:\Users\38972\Desktop\Timski\MaisonDeRenard\frontend\node_modules\@babel\core\lib\transformation\normalize-file.js:64:37)
    at normalizeFile.next (<anonymous>)
    at run (C:\Users\38972\Desktop\Timski\MaisonDeRenard\frontend\node_modules\@babel\core\lib\transformation\index.js:22:50)
    at run.next (<anonymous>)
    at transform (C:\Users\38972\Desktop\Timski\MaisonDeRenard\frontend\node_modules\@babel\core\lib\transform.js:22:33)
    at transform.next (<anonymous>)
    at step (C:\Users\38972\Desktop\Timski\MaisonDeRenard\frontend\node_modules\gensync\index.js:261:32)
    at C:\Users\38972\Desktop\Timski\MaisonDeRenard\frontend\node_modules\gensync\index.js:273:13
    at async.call.result.err.err (C:\Users\38972\Desktop\Timski\MaisonDeRenard\frontend\node_modules\gensync\index.js:223:11)

ERROR in [eslint] 
src\pages\SpecialOffersPage.js
  Line 20:7:  Parsing error: Identifier 'RecentlyViewed' has already been declared. (20:7)

webpack compiled with 2 errors
Compiling...
Compiled successfully!
webpack compiled successfully
Compiling...
Compiled successfully!
webpack compiled successfully
Compiling...
Compiled with warnings.

[eslint] 
src\pages\HomePage.jsx
  Line 8:8:  'useProducts' is defined but never used  no-unused-vars

Search for the keywords to learn more about each warning.
To ignore, add // eslint-disable-next-line to the line before.

WARNING in [eslint] 
src\pages\HomePage.jsx
  Line 8:8:  'useProducts' is defined but never used  no-unused-vars

webpack compiled with 1 warning
Compiling...
Compiled with warnings.

[eslint] 
src\pages\HomePage.jsx
  Line 20:23:  'menCategoryProducts' is assigned a value but never used    no-unused-vars
  Line 21:23:  'womenCategoryProducts' is assigned a value but never used  no-unused-vars
  Line 22:11:  'goToOutfitPiece' is assigned a value but never used        no-unused-vars

Search for the keywords to learn more about each warning.
To ignore, add // eslint-disable-next-line to the line before.

WARNING in [eslint] 
src\pages\HomePage.jsx
  Line 20:23:  'menCategoryProducts' is assigned a value but never used    no-unused-vars
  Line 21:23:  'womenCategoryProducts' is assigned a value but never used  no-unused-vars
  Line 22:11:  'goToOutfitPiece' is assigned a value but never used        no-unused-vars

webpack compiled with 1 warning
Compiling...
Compiled with warnings.

[eslint] 
src\pages\HomePage.jsx
  Line 20:23:  'menCategoryProducts' is assigned a value but never used    no-unused-vars
  Line 21:23:  'womenCategoryProducts' is assigned a value but never used  no-unused-vars
  Line 22:11:  'goToOutfitPiece' is assigned a value but never used        no-unused-vars

Search for the keywords to learn more about each warning.
To ignore, add // eslint-disable-next-line to the line before.

WARNING in [eslint] 
src\pages\HomePage.jsx
  Line 20:23:  'menCategoryProducts' is assigned a value but never used    no-unused-vars
  Line 21:23:  'womenCategoryProducts' is assigned a value but never used  no-unused-vars
  Line 22:11:  'goToOutfitPiece' is assigned a value but never used        no-unused-vars

webpack compiled with 1 warning
Compiling...
Compiled with warnings.

[eslint] 
src\pages\HomePage.jsx
  Line 21:23:  'womenCategoryProducts' is assigned a value but never used  no-unused-vars

Search for the keywords to learn more about each warning.
To ignore, add // eslint-disable-next-line to the line before.

WARNING in [eslint] 
src\pages\HomePage.jsx
  Line 21:23:  'womenCategoryProducts' is assigned a value but never used  no-unused-vars

webpack compiled with 1 warning
Compiling...
Compiled successfully!
webpack compiled successfully
Compiling...
Compiled with warnings.

[eslint] 
src\components\ShopTheLookSection.jsx
  Line 3:10:  'useNavigate' is defined but never used  no-unused-vars

Search for the keywords to learn more about each warning.
To ignore, add // eslint-disable-next-line to the line before.

WARNING in [eslint] 
src\components\ShopTheLookSection.jsx
  Line 3:10:  'useNavigate' is defined but never used  no-unused-vars

webpack compiled with 1 warning
Compiling...
Compiled successfully!
webpack compiled successfully
Compiling...
Compiled successfully!
webpack compiled successfully
Compiling...
Compiled successfully!
webpack compiled successfully
Compiling...
Compiled successfully!
webpack compiled successfully
Compiling...
Compiled successfully!
webpack compiled successfully
Compiling...
Compiled successfully!
webpack compiled successfully
Compiling...
Compiled successfully!
webpack compiled successfully
Compiling...
Compiled successfully!
webpack compiled successfully
Compiling...
Compiled successfully!
webpack compiled successfully
Compiling...
Compiled successfully!
webpack compiled successfully
Compiling...
Compiled successfully!
webpack compiled successfully
Compiling...
Compiled successfully!
webpack compiled successfully
Compiling...
Compiled successfully!
webpack compiled successfully
Compiling...
Compiled successfully!
webpack compiled successfully
Compiling...
Compiled with warnings.

[eslint] 
src\components\RecentlyViewed.jsx
  Line 1:36:  'useState' is defined but never used       no-unused-vars
  Line 3:8:   'SwapHorizIcon' is defined but never used  no-unused-vars

Search for the keywords to learn more about each warning.
To ignore, add // eslint-disable-next-line to the line before.

WARNING in [eslint] 
src\components\RecentlyViewed.jsx
  Line 1:36:  'useState' is defined but never used       no-unused-vars
  Line 3:8:   'SwapHorizIcon' is defined but never used  no-unused-vars

webpack compiled with 1 warning
Compiling...
Compiled with warnings.

[eslint] 
src\components\RecentlyViewed.jsx
  Line 3:8:    'SwapHorizIcon' is defined but never used               no-unused-vars
  Line 20:12:  'scrollProgress' is assigned a value but never used     no-unused-vars
  Line 20:28:  'setScrollProgress' is assigned a value but never used  no-unused-vars
  Line 21:12:  'isHovered' is assigned a value but never used          no-unused-vars
  Line 21:23:  'setIsHovered' is assigned a value but never used       no-unused-vars
  Line 22:12:  'cursorPos' is assigned a value but never used          no-unused-vars
  Line 22:23:  'setCursorPos' is assigned a value but never used       no-unused-vars

Search for the keywords to learn more about each warning.
To ignore, add // eslint-disable-next-line to the line before.

WARNING in [eslint] 
src\components\RecentlyViewed.jsx
  Line 3:8:    'SwapHorizIcon' is defined but never used               no-unused-vars
  Line 20:12:  'scrollProgress' is assigned a value but never used     no-unused-vars
  Line 20:28:  'setScrollProgress' is assigned a value but never used  no-unused-vars
  Line 21:12:  'isHovered' is assigned a value but never used          no-unused-vars
  Line 21:23:  'setIsHovered' is assigned a value but never used       no-unused-vars
  Line 22:12:  'cursorPos' is assigned a value but never used          no-unused-vars
  Line 22:23:  'setCursorPos' is assigned a value but never used       no-unused-vars

webpack compiled with 1 warning
Compiling...
Compiled with warnings.

[eslint] 
src\components\RecentlyViewed.jsx
  Line 3:8:    'SwapHorizIcon' is defined but never used               no-unused-vars
  Line 20:12:  'scrollProgress' is assigned a value but never used     no-unused-vars
  Line 20:28:  'setScrollProgress' is assigned a value but never used  no-unused-vars
  Line 21:12:  'isHovered' is assigned a value but never used          no-unused-vars
  Line 21:23:  'setIsHovered' is assigned a value but never used       no-unused-vars
  Line 22:12:  'cursorPos' is assigned a value but never used          no-unused-vars
  Line 22:23:  'setCursorPos' is assigned a value but never used       no-unused-vars

Search for the keywords to learn more about each warning.
To ignore, add // eslint-disable-next-line to the line before.

WARNING in [eslint] 
src\components\RecentlyViewed.jsx
  Line 3:8:    'SwapHorizIcon' is defined but never used               no-unused-vars
  Line 20:12:  'scrollProgress' is assigned a value but never used     no-unused-vars
  Line 20:28:  'setScrollProgress' is assigned a value but never used  no-unused-vars
  Line 21:12:  'isHovered' is assigned a value but never used          no-unused-vars
  Line 21:23:  'setIsHovered' is assigned a value but never used       no-unused-vars
  Line 22:12:  'cursorPos' is assigned a value but never used          no-unused-vars
  Line 22:23:  'setCursorPos' is assigned a value but never used       no-unused-vars

webpack compiled with 1 warning
Compiling...
Compiled with warnings.

[eslint] 
src\components\RecentlyViewed.jsx
  Line 3:8:    'SwapHorizIcon' is defined but never used            no-unused-vars
  Line 20:12:  'scrollProgress' is assigned a value but never used  no-unused-vars
  Line 21:12:  'isHovered' is assigned a value but never used       no-unused-vars
  Line 21:23:  'setIsHovered' is assigned a value but never used    no-unused-vars
  Line 22:12:  'cursorPos' is assigned a value but never used       no-unused-vars
  Line 22:23:  'setCursorPos' is assigned a value but never used    no-unused-vars

Search for the keywords to learn more about each warning.
To ignore, add // eslint-disable-next-line to the line before.

WARNING in [eslint] 
src\components\RecentlyViewed.jsx
  Line 3:8:    'SwapHorizIcon' is defined but never used            no-unused-vars
  Line 20:12:  'scrollProgress' is assigned a value but never used  no-unused-vars
  Line 21:12:  'isHovered' is assigned a value but never used       no-unused-vars
  Line 21:23:  'setIsHovered' is assigned a value but never used    no-unused-vars
  Line 22:12:  'cursorPos' is assigned a value but never used       no-unused-vars
  Line 22:23:  'setCursorPos' is assigned a value but never used    no-unused-vars

webpack compiled with 1 warning
Compiling...
Compiled with warnings.

[eslint] 
src\components\RecentlyViewed.jsx
  Line 3:8:    'SwapHorizIcon' is defined but never used            no-unused-vars
  Line 20:12:  'scrollProgress' is assigned a value but never used  no-unused-vars
  Line 21:12:  'isHovered' is assigned a value but never used       no-unused-vars
  Line 21:23:  'setIsHovered' is assigned a value but never used    no-unused-vars
  Line 22:12:  'cursorPos' is assigned a value but never used       no-unused-vars
  Line 22:23:  'setCursorPos' is assigned a value but never used    no-unused-vars
  Line 23:12:  'isDragging' is assigned a value but never used      no-unused-vars
  Line 23:24:  'setIsDragging' is assigned a value but never used   no-unused-vars
  Line 24:11:  'dragState' is assigned a value but never used       no-unused-vars
  Line 25:11:  'trackRef' is assigned a value but never used        no-unused-vars

Search for the keywords to learn more about each warning.
To ignore, add // eslint-disable-next-line to the line before.

WARNING in [eslint] 
src\components\RecentlyViewed.jsx
  Line 3:8:    'SwapHorizIcon' is defined but never used            no-unused-vars
  Line 20:12:  'scrollProgress' is assigned a value but never used  no-unused-vars
  Line 21:12:  'isHovered' is assigned a value but never used       no-unused-vars
  Line 21:23:  'setIsHovered' is assigned a value but never used    no-unused-vars
  Line 22:12:  'cursorPos' is assigned a value but never used       no-unused-vars
  Line 22:23:  'setCursorPos' is assigned a value but never used    no-unused-vars
  Line 23:12:  'isDragging' is assigned a value but never used      no-unused-vars
  Line 23:24:  'setIsDragging' is assigned a value but never used   no-unused-vars
  Line 24:11:  'dragState' is assigned a value but never used       no-unused-vars
  Line 25:11:  'trackRef' is assigned a value but never used        no-unused-vars

webpack compiled with 1 warning
Compiling...
Failed to compile.

[eslint] 
src\components\RecentlyViewed.jsx
Syntax error: Unterminated JSX contents. (184:14) (184:14)
ERROR in ./src/components/RecentlyViewed.jsx
Module build failed (from ./node_modules/babel-loader/lib/index.js):
SyntaxError: C:\Users\38972\Desktop\Timski\MaisonDeRenard\frontend\src\components\RecentlyViewed.jsx: Unterminated JSX contents. (184:14)

  182 |                 })}
  183 |             </Box>
> 184 |         </Box>
      |               ^
  185 |     );
  186 | };
  187 |
    at constructor (C:\Users\38972\Desktop\Timski\MaisonDeRenard\frontend\node_modules\@babel\parser\lib\index.js:367:19)
    at FlowParserMixin.raise (C:\Users\38972\Desktop\Timski\MaisonDeRenard\frontend\node_modules\@babel\parser\lib\index.js:6630:19)
    at FlowParserMixin.jsxReadToken (C:\Users\38972\Desktop\Timski\MaisonDeRenard\frontend\node_modules\@babel\parser\lib\index.js:4481:20)
    at FlowParserMixin.getTokenFromCode (C:\Users\38972\Desktop\Timski\MaisonDeRenard\frontend\node_modules\@babel\parser\lib\index.js:4807:12)
    at FlowParserMixin.getTokenFromCode (C:\Users\38972\Desktop\Timski\MaisonDeRenard\frontend\node_modules\@babel\parser\lib\index.js:3228:13)
    at FlowParserMixin.nextToken (C:\Users\38972\Desktop\Timski\MaisonDeRenard\frontend\node_modules\@babel\parser\lib\index.js:5813:10)
    at FlowParserMixin.next (C:\Users\38972\Desktop\Timski\MaisonDeRenard\frontend\node_modules\@babel\parser\lib\index.js:5723:10)
    at FlowParserMixin.eat (C:\Users\38972\Desktop\Timski\MaisonDeRenard\frontend\node_modules\@babel\parser\lib\index.js:5727:12)
    at FlowParserMixin.expect (C:\Users\38972\Desktop\Timski\MaisonDeRenard\frontend\node_modules\@babel\parser\lib\index.js:6929:15)
    at FlowParserMixin.jsxParseClosingElementAt (C:\Users\38972\Desktop\Timski\MaisonDeRenard\frontend\node_modules\@babel\parser\lib\index.js:4713:10)
    at FlowParserMixin.jsxParseElementAt (C:\Users\38972\Desktop\Timski\MaisonDeRenard\frontend\node_modules\@babel\parser\lib\index.js:4728:37)
    at FlowParserMixin.jsxParseElementAt (C:\Users\38972\Desktop\Timski\MaisonDeRenard\frontend\node_modules\@babel\parser\lib\index.js:4731:32)
    at FlowParserMixin.jsxParseElement (C:\Users\38972\Desktop\Timski\MaisonDeRenard\frontend\node_modules\@babel\parser\lib\index.js:4782:17)
    at FlowParserMixin.parseExprAtom (C:\Users\38972\Desktop\Timski\MaisonDeRenard\frontend\node_modules\@babel\parser\lib\index.js:4792:19)
    at FlowParserMixin.parseExprSubscripts (C:\Users\38972\Desktop\Timski\MaisonDeRenard\frontend\node_modules\@babel\parser\lib\index.js:11085:23)
    at FlowParserMixin.parseUpdate (C:\Users\38972\Desktop\Timski\MaisonDeRenard\frontend\node_modules\@babel\parser\lib\index.js:11070:21)
    at FlowParserMixin.parseMaybeUnary (C:\Users\38972\Desktop\Timski\MaisonDeRenard\frontend\node_modules\@babel\parser\lib\index.js:11050:23)
    at FlowParserMixin.parseMaybeUnaryOrPrivate (C:\Users\38972\Desktop\Timski\MaisonDeRenard\frontend\node_modules\@babel\parser\lib\index.js:10903:61)
    at FlowParserMixin.parseExprOps (C:\Users\38972\Desktop\Timski\MaisonDeRenard\frontend\node_modules\@babel\parser\lib\index.js:10908:23)
    at FlowParserMixin.parseMaybeConditional (C:\Users\38972\Desktop\Timski\MaisonDeRenard\frontend\node_modules\@babel\parser\lib\index.js:10885:23)
    at FlowParserMixin.parseMaybeAssign (C:\Users\38972\Desktop\Timski\MaisonDeRenard\frontend\node_modules\@babel\parser\lib\index.js:10835:21)
    at C:\Users\38972\Desktop\Timski\MaisonDeRenard\frontend\node_modules\@babel\parser\lib\index.js:3531:39
    at FlowParserMixin.tryParse (C:\Users\38972\Desktop\Timski\MaisonDeRenard\frontend\node_modules\@babel\parser\lib\index.js:6938:20)
    at FlowParserMixin.parseMaybeAssign (C:\Users\38972\Desktop\Timski\MaisonDeRenard\frontend\node_modules\@babel\parser\lib\index.js:3531:18)
    at C:\Users\38972\Desktop\Timski\MaisonDeRenard\frontend\node_modules\@babel\parser\lib\index.js:10804:39
    at FlowParserMixin.allowInAnd (C:\Users\38972\Desktop\Timski\MaisonDeRenard\frontend\node_modules\@babel\parser\lib\index.js:12436:12)
    at FlowParserMixin.parseMaybeAssignAllowIn (C:\Users\38972\Desktop\Timski\MaisonDeRenard\frontend\node_modules\@babel\parser\lib\index.js:10804:17)
    at FlowParserMixin.parseMaybeAssignAllowInOrVoidPattern (C:\Users\38972\Desktop\Timski\MaisonDeRenard\frontend\node_modules\@babel\parser\lib\index.js:12503:17)
    at FlowParserMixin.parseParenAndDistinguishExpression (C:\Users\38972\Desktop\Timski\MaisonDeRenard\frontend\node_modules\@babel\parser\lib\index.js:11683:28)
    at FlowParserMixin.parseParenAndDistinguishExpression (C:\Users\38972\Desktop\Timski\MaisonDeRenard\frontend\node_modules\@babel\parser\lib\index.js:3624:18)
    at FlowParserMixin.parseExprAtom (C:\Users\38972\Desktop\Timski\MaisonDeRenard\frontend\node_modules\@babel\parser\lib\index.js:11335:23)
    at FlowParserMixin.parseExprAtom (C:\Users\38972\Desktop\Timski\MaisonDeRenard\frontend\node_modules\@babel\parser\lib\index.js:4797:20)
    at FlowParserMixin.parseExprSubscripts (C:\Users\38972\Desktop\Timski\MaisonDeRenard\frontend\node_modules\@babel\parser\lib\index.js:11085:23)
    at FlowParserMixin.parseUpdate (C:\Users\38972\Desktop\Timski\MaisonDeRenard\frontend\node_modules\@babel\parser\lib\index.js:11070:21)
    at FlowParserMixin.parseMaybeUnary (C:\Users\38972\Desktop\Timski\MaisonDeRenard\frontend\node_modules\@babel\parser\lib\index.js:11050:23)
    at FlowParserMixin.parseMaybeUnaryOrPrivate (C:\Users\38972\Desktop\Timski\MaisonDeRenard\frontend\node_modules\@babel\parser\lib\index.js:10903:61)
    at FlowParserMixin.parseExprOps (C:\Users\38972\Desktop\Timski\MaisonDeRenard\frontend\node_modules\@babel\parser\lib\index.js:10908:23)
    at FlowParserMixin.parseMaybeConditional (C:\Users\38972\Desktop\Timski\MaisonDeRenard\frontend\node_modules\@babel\parser\lib\index.js:10885:23)
    at FlowParserMixin.parseMaybeAssign (C:\Users\38972\Desktop\Timski\MaisonDeRenard\frontend\node_modules\@babel\parser\lib\index.js:10835:21)
    at FlowParserMixin.parseMaybeAssign (C:\Users\38972\Desktop\Timski\MaisonDeRenard\frontend\node_modules\@babel\parser\lib\index.js:3582:18)
    at FlowParserMixin.parseExpressionBase (C:\Users\38972\Desktop\Timski\MaisonDeRenard\frontend\node_modules\@babel\parser\lib\index.js:10788:23)
    at C:\Users\38972\Desktop\Timski\MaisonDeRenard\frontend\node_modules\@babel\parser\lib\index.js:10784:39
    at FlowParserMixin.allowInAnd (C:\Users\38972\Desktop\Timski\MaisonDeRenard\frontend\node_modules\@babel\parser\lib\index.js:12431:16)
    at FlowParserMixin.parseExpression (C:\Users\38972\Desktop\Timski\MaisonDeRenard\frontend\node_modules\@babel\parser\lib\index.js:10784:17)
    at FlowParserMixin.parseReturnStatement (C:\Users\38972\Desktop\Timski\MaisonDeRenard\frontend\node_modules\@babel\parser\lib\index.js:13151:28)
    at FlowParserMixin.parseStatementContent (C:\Users\38972\Desktop\Timski\MaisonDeRenard\frontend\node_modules\@babel\parser\lib\index.js:12807:21)
    at FlowParserMixin.parseStatementLike (C:\Users\38972\Desktop\Timski\MaisonDeRenard\frontend\node_modules\@babel\parser\lib\index.js:12776:17)
    at FlowParserMixin.parseStatementLike (C:\Users\38972\Desktop\Timski\MaisonDeRenard\frontend\node_modules\@babel\parser\lib\index.js:2949:24)
    at FlowParserMixin.parseStatementListItem (C:\Users\38972\Desktop\Timski\MaisonDeRenard\frontend\node_modules\@babel\parser\lib\index.js:12756:17)
    at FlowParserMixin.parseBlockOrModuleBlockBody (C:\Users\38972\Desktop\Timski\MaisonDeRenard\frontend\node_modules\@babel\parser\lib\index.js:13325:61)

ERROR in [eslint] 
src\components\RecentlyViewed.jsx
  Line 184:14:  Parsing error: Unterminated JSX contents. (184:14)

webpack compiled with 2 errors
Compiling...
Failed to compile.

[eslint] 
src\components\RecentlyViewed.jsx
Syntax error: Unterminated JSX contents. (226:14) (226:14)
ERROR in ./src/components/RecentlyViewed.jsx
Module build failed (from ./node_modules/babel-loader/lib/index.js):
SyntaxError: C:\Users\38972\Desktop\Timski\MaisonDeRenard\frontend\src\components\RecentlyViewed.jsx: Unterminated JSX contents. (226:14)

  224 |                 })}
  225 |             </Box>
> 226 |         </Box>
      |               ^
  227 |     );
  228 | };
  229 |
    at constructor (C:\Users\38972\Desktop\Timski\MaisonDeRenard\frontend\node_modules\@babel\parser\lib\index.js:367:19)
    at FlowParserMixin.raise (C:\Users\38972\Desktop\Timski\MaisonDeRenard\frontend\node_modules\@babel\parser\lib\index.js:6630:19)
    at FlowParserMixin.jsxReadToken (C:\Users\38972\Desktop\Timski\MaisonDeRenard\frontend\node_modules\@babel\parser\lib\index.js:4481:20)
    at FlowParserMixin.getTokenFromCode (C:\Users\38972\Desktop\Timski\MaisonDeRenard\frontend\node_modules\@babel\parser\lib\index.js:4807:12)
    at FlowParserMixin.getTokenFromCode (C:\Users\38972\Desktop\Timski\MaisonDeRenard\frontend\node_modules\@babel\parser\lib\index.js:3228:13)
    at FlowParserMixin.nextToken (C:\Users\38972\Desktop\Timski\MaisonDeRenard\frontend\node_modules\@babel\parser\lib\index.js:5813:10)
    at FlowParserMixin.next (C:\Users\38972\Desktop\Timski\MaisonDeRenard\frontend\node_modules\@babel\parser\lib\index.js:5723:10)
    at FlowParserMixin.eat (C:\Users\38972\Desktop\Timski\MaisonDeRenard\frontend\node_modules\@babel\parser\lib\index.js:5727:12)
    at FlowParserMixin.expect (C:\Users\38972\Desktop\Timski\MaisonDeRenard\frontend\node_modules\@babel\parser\lib\index.js:6929:15)
    at FlowParserMixin.jsxParseClosingElementAt (C:\Users\38972\Desktop\Timski\MaisonDeRenard\frontend\node_modules\@babel\parser\lib\index.js:4713:10)
    at FlowParserMixin.jsxParseElementAt (C:\Users\38972\Desktop\Timski\MaisonDeRenard\frontend\node_modules\@babel\parser\lib\index.js:4728:37)
    at FlowParserMixin.jsxParseElementAt (C:\Users\38972\Desktop\Timski\MaisonDeRenard\frontend\node_modules\@babel\parser\lib\index.js:4731:32)
    at FlowParserMixin.jsxParseElement (C:\Users\38972\Desktop\Timski\MaisonDeRenard\frontend\node_modules\@babel\parser\lib\index.js:4782:17)
    at FlowParserMixin.parseExprAtom (C:\Users\38972\Desktop\Timski\MaisonDeRenard\frontend\node_modules\@babel\parser\lib\index.js:4792:19)
    at FlowParserMixin.parseExprSubscripts (C:\Users\38972\Desktop\Timski\MaisonDeRenard\frontend\node_modules\@babel\parser\lib\index.js:11085:23)
    at FlowParserMixin.parseUpdate (C:\Users\38972\Desktop\Timski\MaisonDeRenard\frontend\node_modules\@babel\parser\lib\index.js:11070:21)
    at FlowParserMixin.parseMaybeUnary (C:\Users\38972\Desktop\Timski\MaisonDeRenard\frontend\node_modules\@babel\parser\lib\index.js:11050:23)
    at FlowParserMixin.parseMaybeUnaryOrPrivate (C:\Users\38972\Desktop\Timski\MaisonDeRenard\frontend\node_modules\@babel\parser\lib\index.js:10903:61)
    at FlowParserMixin.parseExprOps (C:\Users\38972\Desktop\Timski\MaisonDeRenard\frontend\node_modules\@babel\parser\lib\index.js:10908:23)
    at FlowParserMixin.parseMaybeConditional (C:\Users\38972\Desktop\Timski\MaisonDeRenard\frontend\node_modules\@babel\parser\lib\index.js:10885:23)
    at FlowParserMixin.parseMaybeAssign (C:\Users\38972\Desktop\Timski\MaisonDeRenard\frontend\node_modules\@babel\parser\lib\index.js:10835:21)
    at C:\Users\38972\Desktop\Timski\MaisonDeRenard\frontend\node_modules\@babel\parser\lib\index.js:3531:39
    at FlowParserMixin.tryParse (C:\Users\38972\Desktop\Timski\MaisonDeRenard\frontend\node_modules\@babel\parser\lib\index.js:6938:20)
    at FlowParserMixin.parseMaybeAssign (C:\Users\38972\Desktop\Timski\MaisonDeRenard\frontend\node_modules\@babel\parser\lib\index.js:3531:18)
    at C:\Users\38972\Desktop\Timski\MaisonDeRenard\frontend\node_modules\@babel\parser\lib\index.js:10804:39
    at FlowParserMixin.allowInAnd (C:\Users\38972\Desktop\Timski\MaisonDeRenard\frontend\node_modules\@babel\parser\lib\index.js:12436:12)
    at FlowParserMixin.parseMaybeAssignAllowIn (C:\Users\38972\Desktop\Timski\MaisonDeRenard\frontend\node_modules\@babel\parser\lib\index.js:10804:17)
    at FlowParserMixin.parseMaybeAssignAllowInOrVoidPattern (C:\Users\38972\Desktop\Timski\MaisonDeRenard\frontend\node_modules\@babel\parser\lib\index.js:12503:17)
    at FlowParserMixin.parseParenAndDistinguishExpression (C:\Users\38972\Desktop\Timski\MaisonDeRenard\frontend\node_modules\@babel\parser\lib\index.js:11683:28)
    at FlowParserMixin.parseParenAndDistinguishExpression (C:\Users\38972\Desktop\Timski\MaisonDeRenard\frontend\node_modules\@babel\parser\lib\index.js:3624:18)
    at FlowParserMixin.parseExprAtom (C:\Users\38972\Desktop\Timski\MaisonDeRenard\frontend\node_modules\@babel\parser\lib\index.js:11335:23)
    at FlowParserMixin.parseExprAtom (C:\Users\38972\Desktop\Timski\MaisonDeRenard\frontend\node_modules\@babel\parser\lib\index.js:4797:20)
    at FlowParserMixin.parseExprSubscripts (C:\Users\38972\Desktop\Timski\MaisonDeRenard\frontend\node_modules\@babel\parser\lib\index.js:11085:23)
    at FlowParserMixin.parseUpdate (C:\Users\38972\Desktop\Timski\MaisonDeRenard\frontend\node_modules\@babel\parser\lib\index.js:11070:21)
    at FlowParserMixin.parseMaybeUnary (C:\Users\38972\Desktop\Timski\MaisonDeRenard\frontend\node_modules\@babel\parser\lib\index.js:11050:23)
    at FlowParserMixin.parseMaybeUnaryOrPrivate (C:\Users\38972\Desktop\Timski\MaisonDeRenard\frontend\node_modules\@babel\parser\lib\index.js:10903:61)
    at FlowParserMixin.parseExprOps (C:\Users\38972\Desktop\Timski\MaisonDeRenard\frontend\node_modules\@babel\parser\lib\index.js:10908:23)
    at FlowParserMixin.parseMaybeConditional (C:\Users\38972\Desktop\Timski\MaisonDeRenard\frontend\node_modules\@babel\parser\lib\index.js:10885:23)
    at FlowParserMixin.parseMaybeAssign (C:\Users\38972\Desktop\Timski\MaisonDeRenard\frontend\node_modules\@babel\parser\lib\index.js:10835:21)
    at FlowParserMixin.parseMaybeAssign (C:\Users\38972\Desktop\Timski\MaisonDeRenard\frontend\node_modules\@babel\parser\lib\index.js:3582:18)
    at FlowParserMixin.parseExpressionBase (C:\Users\38972\Desktop\Timski\MaisonDeRenard\frontend\node_modules\@babel\parser\lib\index.js:10788:23)
    at C:\Users\38972\Desktop\Timski\MaisonDeRenard\frontend\node_modules\@babel\parser\lib\index.js:10784:39
    at FlowParserMixin.allowInAnd (C:\Users\38972\Desktop\Timski\MaisonDeRenard\frontend\node_modules\@babel\parser\lib\index.js:12431:16)
    at FlowParserMixin.parseExpression (C:\Users\38972\Desktop\Timski\MaisonDeRenard\frontend\node_modules\@babel\parser\lib\index.js:10784:17)
    at FlowParserMixin.parseReturnStatement (C:\Users\38972\Desktop\Timski\MaisonDeRenard\frontend\node_modules\@babel\parser\lib\index.js:13151:28)
    at FlowParserMixin.parseStatementContent (C:\Users\38972\Desktop\Timski\MaisonDeRenard\frontend\node_modules\@babel\parser\lib\index.js:12807:21)
    at FlowParserMixin.parseStatementLike (C:\Users\38972\Desktop\Timski\MaisonDeRenard\frontend\node_modules\@babel\parser\lib\index.js:12776:17)
    at FlowParserMixin.parseStatementLike (C:\Users\38972\Desktop\Timski\MaisonDeRenard\frontend\node_modules\@babel\parser\lib\index.js:2949:24)
    at FlowParserMixin.parseStatementListItem (C:\Users\38972\Desktop\Timski\MaisonDeRenard\frontend\node_modules\@babel\parser\lib\index.js:12756:17)
    at FlowParserMixin.parseBlockOrModuleBlockBody (C:\Users\38972\Desktop\Timski\MaisonDeRenard\frontend\node_modules\@babel\parser\lib\index.js:13325:61)

ERROR in [eslint] 
src\components\RecentlyViewed.jsx
  Line 226:14:  Parsing error: Unterminated JSX contents. (226:14)

webpack compiled with 2 errors
Compiling...
Compiled with warnings.

[eslint] 
src\components\RecentlyViewed.jsx
  Line 97:11:   'onPointerDown' is assigned a value but never used  no-unused-vars
  Line 126:11:  'onTrackClick' is assigned a value but never used   no-unused-vars
  Line 137:11:  'showCursor' is assigned a value but never used     no-unused-vars

Search for the keywords to learn more about each warning.
To ignore, add // eslint-disable-next-line to the line before.

WARNING in [eslint] 
src\components\RecentlyViewed.jsx
  Line 97:11:   'onPointerDown' is assigned a value but never used  no-unused-vars
  Line 126:11:  'onTrackClick' is assigned a value but never used   no-unused-vars
  Line 137:11:  'showCursor' is assigned a value but never used     no-unused-vars

webpack compiled with 1 warning
Compiling...
Compiled with warnings.

[eslint] 
src\components\RecentlyViewed.jsx
  Line 126:11:  'onTrackClick' is assigned a value but never used  no-unused-vars

Search for the keywords to learn more about each warning.
To ignore, add // eslint-disable-next-line to the line before.

WARNING in [eslint] 
src\components\RecentlyViewed.jsx
  Line 126:11:  'onTrackClick' is assigned a value but never used  no-unused-vars

webpack compiled with 1 warning
Compiling...
Compiled successfully!
webpack compiled successfully
Compiling...
Failed to compile.

[eslint] 
src\components\RecentlyViewed.jsx
  Line 190:34:  'onPointerDown' is not defined  no-undef
  Line 247:34:  'onTrackClick' is not defined   no-undef

Search for the keywords to learn more about each error.
WARNING in [eslint] 
src\components\RecentlyViewed.jsx
  Line 103:11:  'onStripPointerDown' is assigned a value but never used  no-unused-vars
  Line 110:11:  'onTrackPointerDown' is assigned a value but never used  no-unused-vars

ERROR in [eslint] 
src\components\RecentlyViewed.jsx
  Line 190:34:  'onPointerDown' is not defined  no-undef
  Line 247:34:  'onTrackClick' is not defined   no-undef

Search for the keywords to learn more about each error.

webpack compiled with 1 error and 1 warning
Compiling...
Failed to compile.

[eslint] 
src\components\RecentlyViewed.jsx
  Line 247:34:  'onTrackClick' is not defined  no-undef

Search for the keywords to learn more about each error.
WARNING in [eslint] 
src\components\RecentlyViewed.jsx
  Line 110:11:  'onTrackPointerDown' is assigned a value but never used  no-unused-vars

ERROR in [eslint] 
src\components\RecentlyViewed.jsx
  Line 247:34:  'onTrackClick' is not defined  no-undef

Search for the keywords to learn more about each error.

webpack compiled with 1 error and 1 warning
Compiling...
Compiled successfully!
webpack compiled successfully
Compiling...
Compiled successfully!
webpack compiled successfully
Compiling...
Compiled successfully!
webpack compiled successfully
Compiling...
Compiled with warnings.

[eslint] 
src\components\layout\Header.jsx
  Line 74:8:  React Hook useEffect has a missing dependency: 'quotes.length'. Either include it or remove the dependency array  react-hooks/exhaustive-deps
  Line 95:8:  React Hook useEffect has a missing dependency: 'searchQuery'. Either include it or remove the dependency array    react-hooks/exhaustive-deps

Search for the keywords to learn more about each warning.
To ignore, add // eslint-disable-next-line to the line before.

WARNING in [eslint] 
src\components\layout\Header.jsx
  Line 74:8:  React Hook useEffect has a missing dependency: 'quotes.length'. Either include it or remove the dependency array  react-hooks/exhaustive-deps
  Line 95:8:  React Hook useEffect has a missing dependency: 'searchQuery'. Either include it or remove the dependency array    react-hooks/exhaustive-deps

webpack compiled with 1 warning
Compiling...
Compiled with warnings.

[eslint] 
src\components\layout\Header.jsx
  Line 74:8:  React Hook useEffect has a missing dependency: 'quotes.length'. Either include it or remove the dependency array  react-hooks/exhaustive-deps
  Line 95:8:  React Hook useEffect has a missing dependency: 'searchQuery'. Either include it or remove the dependency array    react-hooks/exhaustive-deps

Search for the keywords to learn more about each warning.
To ignore, add // eslint-disable-next-line to the line before.

WARNING in [eslint] 
src\components\layout\Header.jsx
  Line 74:8:  React Hook useEffect has a missing dependency: 'quotes.length'. Either include it or remove the dependency array  react-hooks/exhaustive-deps
  Line 95:8:  React Hook useEffect has a missing dependency: 'searchQuery'. Either include it or remove the dependency array    react-hooks/exhaustive-deps

webpack compiled with 1 warning
Compiling...
Compiled with warnings.

[eslint] 
src\components\layout\Header.jsx
  Line 74:8:  React Hook useEffect has a missing dependency: 'quotes.length'. Either include it or remove the dependency array  react-hooks/exhaustive-deps
  Line 95:8:  React Hook useEffect has a missing dependency: 'searchQuery'. Either include it or remove the dependency array    react-hooks/exhaustive-deps

Search for the keywords to learn more about each warning.
To ignore, add // eslint-disable-next-line to the line before.

WARNING in [eslint] 
src\components\layout\Header.jsx
  Line 74:8:  React Hook useEffect has a missing dependency: 'quotes.length'. Either include it or remove the dependency array  react-hooks/exhaustive-deps
  Line 95:8:  React Hook useEffect has a missing dependency: 'searchQuery'. Either include it or remove the dependency array    react-hooks/exhaustive-deps

webpack compiled with 1 warning
Compiling...
Compiled with warnings.

[eslint] 
src\components\layout\Header.jsx
  Line 74:8:  React Hook useEffect has a missing dependency: 'quotes.length'. Either include it or remove the dependency array  react-hooks/exhaustive-deps
  Line 95:8:  React Hook useEffect has a missing dependency: 'searchQuery'. Either include it or remove the dependency array    react-hooks/exhaustive-deps

Search for the keywords to learn more about each warning.
To ignore, add // eslint-disable-next-line to the line before.

WARNING in [eslint] 
src\components\layout\Header.jsx
  Line 74:8:  React Hook useEffect has a missing dependency: 'quotes.length'. Either include it or remove the dependency array  react-hooks/exhaustive-deps
  Line 95:8:  React Hook useEffect has a missing dependency: 'searchQuery'. Either include it or remove the dependency array    react-hooks/exhaustive-deps

webpack compiled with 1 warning
Compiling...
Compiled with warnings.

[eslint] 
src\App.js
  Line 15:8:  'CustomCursor' is defined but never used  no-unused-vars

src\components\layout\Header.jsx
  Line 74:8:  React Hook useEffect has a missing dependency: 'quotes.length'. Either include it or remove the dependency array  react-hooks/exhaustive-deps
  Line 95:8:  React Hook useEffect has a missing dependency: 'searchQuery'. Either include it or remove the dependency array    react-hooks/exhaustive-deps

Search for the keywords to learn more about each warning.
To ignore, add // eslint-disable-next-line to the line before.

WARNING in [eslint] 
src\App.js
  Line 15:8:  'CustomCursor' is defined but never used  no-unused-vars

src\components\layout\Header.jsx
  Line 74:8:  React Hook useEffect has a missing dependency: 'quotes.length'. Either include it or remove the dependency array  react-hooks/exhaustive-deps
  Line 95:8:  React Hook useEffect has a missing dependency: 'searchQuery'. Either include it or remove the dependency array    react-hooks/exhaustive-deps

webpack compiled with 1 warning
Compiling...
Compiled with warnings.

[eslint] 
src\components\layout\Header.jsx
  Line 74:8:  React Hook useEffect has a missing dependency: 'quotes.length'. Either include it or remove the dependency array  react-hooks/exhaustive-deps
  Line 95:8:  React Hook useEffect has a missing dependency: 'searchQuery'. Either include it or remove the dependency array    react-hooks/exhaustive-deps

Search for the keywords to learn more about each warning.
To ignore, add // eslint-disable-next-line to the line before.

WARNING in [eslint] 
src\components\layout\Header.jsx
  Line 74:8:  React Hook useEffect has a missing dependency: 'quotes.length'. Either include it or remove the dependency array  react-hooks/exhaustive-deps
  Line 95:8:  React Hook useEffect has a missing dependency: 'searchQuery'. Either include it or remove the dependency array    react-hooks/exhaustive-deps

webpack compiled with 1 warning
Compiling...
Compiled with warnings.

[eslint] 
src\components\layout\Header.jsx
  Line 74:8:  React Hook useEffect has a missing dependency: 'quotes.length'. Either include it or remove the dependency array  react-hooks/exhaustive-deps
  Line 95:8:  React Hook useEffect has a missing dependency: 'searchQuery'. Either include it or remove the dependency array    react-hooks/exhaustive-deps

Search for the keywords to learn more about each warning.
To ignore, add // eslint-disable-next-line to the line before.

WARNING in [eslint] 
src\components\layout\Header.jsx
  Line 74:8:  React Hook useEffect has a missing dependency: 'quotes.length'. Either include it or remove the dependency array  react-hooks/exhaustive-deps
  Line 95:8:  React Hook useEffect has a missing dependency: 'searchQuery'. Either include it or remove the dependency array    react-hooks/exhaustive-deps

webpack compiled with 1 warning
Compiling...
Compiled with warnings.

[eslint] 
src\components\layout\Header.jsx
  Line 74:8:  React Hook useEffect has a missing dependency: 'quotes.length'. Either include it or remove the dependency array  react-hooks/exhaustive-deps
  Line 95:8:  React Hook useEffect has a missing dependency: 'searchQuery'. Either include it or remove the dependency array    react-hooks/exhaustive-deps

Search for the keywords to learn more about each warning.
To ignore, add // eslint-disable-next-line to the line before.

WARNING in [eslint] 
src\components\layout\Header.jsx
  Line 74:8:  React Hook useEffect has a missing dependency: 'quotes.length'. Either include it or remove the dependency array  react-hooks/exhaustive-deps
  Line 95:8:  React Hook useEffect has a missing dependency: 'searchQuery'. Either include it or remove the dependency array    react-hooks/exhaustive-deps

webpack compiled with 1 warning
Compiling...
Failed to compile.

[eslint] 
src\components\CustomCursor.jsx
  Line 80:23:  'dotRef' is not defined  no-undef

Search for the keywords to learn more about each error.
WARNING in [eslint] 
src\components\layout\Header.jsx
  Line 74:8:  React Hook useEffect has a missing dependency: 'quotes.length'. Either include it or remove the dependency array  react-hooks/exhaustive-deps
  Line 95:8:  React Hook useEffect has a missing dependency: 'searchQuery'. Either include it or remove the dependency array    react-hooks/exhaustive-deps

ERROR in [eslint] 
src\components\CustomCursor.jsx
  Line 80:23:  'dotRef' is not defined  no-undef

Search for the keywords to learn more about each error.

webpack compiled with 1 error and 1 warning
Compiling...
Compiled with warnings.

[eslint] 
src\components\layout\Header.jsx
  Line 74:8:  React Hook useEffect has a missing dependency: 'quotes.length'. Either include it or remove the dependency array  react-hooks/exhaustive-deps
  Line 95:8:  React Hook useEffect has a missing dependency: 'searchQuery'. Either include it or remove the dependency array    react-hooks/exhaustive-deps

Search for the keywords to learn more about each warning.
To ignore, add // eslint-disable-next-line to the line before.

WARNING in [eslint] 
src\components\layout\Header.jsx
  Line 74:8:  React Hook useEffect has a missing dependency: 'quotes.length'. Either include it or remove the dependency array  react-hooks/exhaustive-deps
  Line 95:8:  React Hook useEffect has a missing dependency: 'searchQuery'. Either include it or remove the dependency array    react-hooks/exhaustive-deps

webpack compiled with 1 warning
Compiling...
Compiled with warnings.

[eslint] 
src\components\layout\Header.jsx
  Line 74:8:  React Hook useEffect has a missing dependency: 'quotes.length'. Either include it or remove the dependency array  react-hooks/exhaustive-deps
  Line 95:8:  React Hook useEffect has a missing dependency: 'searchQuery'. Either include it or remove the dependency array    react-hooks/exhaustive-deps

Search for the keywords to learn more about each warning.
To ignore, add // eslint-disable-next-line to the line before.

WARNING in [eslint] 
src\components\layout\Header.jsx
  Line 74:8:  React Hook useEffect has a missing dependency: 'quotes.length'. Either include it or remove the dependency array  react-hooks/exhaustive-deps
  Line 95:8:  React Hook useEffect has a missing dependency: 'searchQuery'. Either include it or remove the dependency array    react-hooks/exhaustive-deps

webpack compiled with 1 warning
Compiling...
Compiled with warnings.

[eslint] 
src\components\layout\Header.jsx
  Line 74:8:  React Hook useEffect has a missing dependency: 'quotes.length'. Either include it or remove the dependency array  react-hooks/exhaustive-deps
  Line 95:8:  React Hook useEffect has a missing dependency: 'searchQuery'. Either include it or remove the dependency array    react-hooks/exhaustive-deps

Search for the keywords to learn more about each warning.
To ignore, add // eslint-disable-next-line to the line before.

WARNING in [eslint] 
src\components\layout\Header.jsx
  Line 74:8:  React Hook useEffect has a missing dependency: 'quotes.length'. Either include it or remove the dependency array  react-hooks/exhaustive-deps
  Line 95:8:  React Hook useEffect has a missing dependency: 'searchQuery'. Either include it or remove the dependency array    react-hooks/exhaustive-deps

webpack compiled with 1 warning
Compiling...
Compiled with warnings.

[eslint] 
src\components\layout\Header.jsx
  Line 74:8:  React Hook useEffect has a missing dependency: 'quotes.length'. Either include it or remove the dependency array  react-hooks/exhaustive-deps
  Line 95:8:  React Hook useEffect has a missing dependency: 'searchQuery'. Either include it or remove the dependency array    react-hooks/exhaustive-deps

Search for the keywords to learn more about each warning.
To ignore, add // eslint-disable-next-line to the line before.

WARNING in [eslint] 
src\components\layout\Header.jsx
  Line 74:8:  React Hook useEffect has a missing dependency: 'quotes.length'. Either include it or remove the dependency array  react-hooks/exhaustive-deps
  Line 95:8:  React Hook useEffect has a missing dependency: 'searchQuery'. Either include it or remove the dependency array    react-hooks/exhaustive-deps

webpack compiled with 1 warning
Compiling...
Compiled with warnings.

[eslint] 
src\components\layout\Header.jsx
  Line 74:8:  React Hook useEffect has a missing dependency: 'quotes.length'. Either include it or remove the dependency array  react-hooks/exhaustive-deps
  Line 95:8:  React Hook useEffect has a missing dependency: 'searchQuery'. Either include it or remove the dependency array    react-hooks/exhaustive-deps

Search for the keywords to learn more about each warning.
To ignore, add // eslint-disable-next-line to the line before.

WARNING in [eslint] 
src\components\layout\Header.jsx
  Line 74:8:  React Hook useEffect has a missing dependency: 'quotes.length'. Either include it or remove the dependency array  react-hooks/exhaustive-deps
  Line 95:8:  React Hook useEffect has a missing dependency: 'searchQuery'. Either include it or remove the dependency array    react-hooks/exhaustive-deps

webpack compiled with 1 warning
Compiling...
Compiled with warnings.

[eslint] 
src\components\layout\Header.jsx
  Line 74:8:  React Hook useEffect has a missing dependency: 'quotes.length'. Either include it or remove the dependency array  react-hooks/exhaustive-deps
  Line 95:8:  React Hook useEffect has a missing dependency: 'searchQuery'. Either include it or remove the dependency array    react-hooks/exhaustive-deps

Search for the keywords to learn more about each warning.
To ignore, add // eslint-disable-next-line to the line before.

WARNING in [eslint] 
src\components\layout\Header.jsx
  Line 74:8:  React Hook useEffect has a missing dependency: 'quotes.length'. Either include it or remove the dependency array  react-hooks/exhaustive-deps
  Line 95:8:  React Hook useEffect has a missing dependency: 'searchQuery'. Either include it or remove the dependency array    react-hooks/exhaustive-deps

webpack compiled with 1 warning
Compiling...
Compiled with warnings.

[eslint] 
src\components\layout\Header.jsx
  Line 74:8:  React Hook useEffect has a missing dependency: 'quotes.length'. Either include it or remove the dependency array  react-hooks/exhaustive-deps
  Line 95:8:  React Hook useEffect has a missing dependency: 'searchQuery'. Either include it or remove the dependency array    react-hooks/exhaustive-deps

Search for the keywords to learn more about each warning.
To ignore, add // eslint-disable-next-line to the line before.

WARNING in [eslint] 
src\components\layout\Header.jsx
  Line 74:8:  React Hook useEffect has a missing dependency: 'quotes.length'. Either include it or remove the dependency array  react-hooks/exhaustive-deps
  Line 95:8:  React Hook useEffect has a missing dependency: 'searchQuery'. Either include it or remove the dependency array    react-hooks/exhaustive-deps

webpack compiled with 1 warning
Compiling...
Compiled with warnings.

[eslint] 
src\components\RecentlyViewed.jsx
  Line 28:11:  'hasDraggedRef' is assigned a value but never used  no-unused-vars

src\components\layout\Header.jsx
  Line 74:8:  React Hook useEffect has a missing dependency: 'quotes.length'. Either include it or remove the dependency array  react-hooks/exhaustive-deps
  Line 95:8:  React Hook useEffect has a missing dependency: 'searchQuery'. Either include it or remove the dependency array    react-hooks/exhaustive-deps

Search for the keywords to learn more about each warning.
To ignore, add // eslint-disable-next-line to the line before.

WARNING in [eslint] 
src\components\RecentlyViewed.jsx
  Line 28:11:  'hasDraggedRef' is assigned a value but never used  no-unused-vars

src\components\layout\Header.jsx
  Line 74:8:  React Hook useEffect has a missing dependency: 'quotes.length'. Either include it or remove the dependency array  react-hooks/exhaustive-deps
  Line 95:8:  React Hook useEffect has a missing dependency: 'searchQuery'. Either include it or remove the dependency array    react-hooks/exhaustive-deps

webpack compiled with 1 warning
Compiling...
Compiled with warnings.

[eslint] 
src\components\RecentlyViewed.jsx
  Line 28:11:  'hasDraggedRef' is assigned a value but never used  no-unused-vars

src\components\layout\Header.jsx
  Line 74:8:  React Hook useEffect has a missing dependency: 'quotes.length'. Either include it or remove the dependency array  react-hooks/exhaustive-deps
  Line 95:8:  React Hook useEffect has a missing dependency: 'searchQuery'. Either include it or remove the dependency array    react-hooks/exhaustive-deps

Search for the keywords to learn more about each warning.
To ignore, add // eslint-disable-next-line to the line before.

WARNING in [eslint] 
src\components\RecentlyViewed.jsx
  Line 28:11:  'hasDraggedRef' is assigned a value but never used  no-unused-vars

src\components\layout\Header.jsx
  Line 74:8:  React Hook useEffect has a missing dependency: 'quotes.length'. Either include it or remove the dependency array  react-hooks/exhaustive-deps
  Line 95:8:  React Hook useEffect has a missing dependency: 'searchQuery'. Either include it or remove the dependency array    react-hooks/exhaustive-deps

webpack compiled with 1 warning
Compiling...
Compiled with warnings.

[eslint] 
src\components\layout\Header.jsx
  Line 74:8:  React Hook useEffect has a missing dependency: 'quotes.length'. Either include it or remove the dependency array  react-hooks/exhaustive-deps
  Line 95:8:  React Hook useEffect has a missing dependency: 'searchQuery'. Either include it or remove the dependency array    react-hooks/exhaustive-deps

Search for the keywords to learn more about each warning.
To ignore, add // eslint-disable-next-line to the line before.

WARNING in [eslint] 
src\components\layout\Header.jsx
  Line 74:8:  React Hook useEffect has a missing dependency: 'quotes.length'. Either include it or remove the dependency array  react-hooks/exhaustive-deps
  Line 95:8:  React Hook useEffect has a missing dependency: 'searchQuery'. Either include it or remove the dependency array    react-hooks/exhaustive-deps

webpack compiled with 1 warning
Compiling...
Compiled with warnings.

[eslint] 
src\components\layout\Header.jsx
  Line 74:8:  React Hook useEffect has a missing dependency: 'quotes.length'. Either include it or remove the dependency array  react-hooks/exhaustive-deps
  Line 95:8:  React Hook useEffect has a missing dependency: 'searchQuery'. Either include it or remove the dependency array    react-hooks/exhaustive-deps

Search for the keywords to learn more about each warning.
To ignore, add // eslint-disable-next-line to the line before.

WARNING in [eslint] 
src\components\layout\Header.jsx
  Line 74:8:  React Hook useEffect has a missing dependency: 'quotes.length'. Either include it or remove the dependency array  react-hooks/exhaustive-deps
  Line 95:8:  React Hook useEffect has a missing dependency: 'searchQuery'. Either include it or remove the dependency array    react-hooks/exhaustive-deps

webpack compiled with 1 warning
Compiling...
Compiled with warnings.

[eslint] 
src\components\layout\Header.jsx
  Line 74:8:  React Hook useEffect has a missing dependency: 'quotes.length'. Either include it or remove the dependency array  react-hooks/exhaustive-deps
  Line 95:8:  React Hook useEffect has a missing dependency: 'searchQuery'. Either include it or remove the dependency array    react-hooks/exhaustive-deps

Search for the keywords to learn more about each warning.
To ignore, add // eslint-disable-next-line to the line before.

WARNING in [eslint] 
src\components\layout\Header.jsx
  Line 74:8:  React Hook useEffect has a missing dependency: 'quotes.length'. Either include it or remove the dependency array  react-hooks/exhaustive-deps
  Line 95:8:  React Hook useEffect has a missing dependency: 'searchQuery'. Either include it or remove the dependency array    react-hooks/exhaustive-deps

webpack compiled with 1 warning
Compiling...
Compiled with warnings.

[eslint] 
src\components\layout\Header.jsx
  Line 74:8:  React Hook useEffect has a missing dependency: 'quotes.length'. Either include it or remove the dependency array  react-hooks/exhaustive-deps
  Line 95:8:  React Hook useEffect has a missing dependency: 'searchQuery'. Either include it or remove the dependency array    react-hooks/exhaustive-deps

Search for the keywords to learn more about each warning.
To ignore, add // eslint-disable-next-line to the line before.

WARNING in [eslint] 
src\components\layout\Header.jsx
  Line 74:8:  React Hook useEffect has a missing dependency: 'quotes.length'. Either include it or remove the dependency array  react-hooks/exhaustive-deps
  Line 95:8:  React Hook useEffect has a missing dependency: 'searchQuery'. Either include it or remove the dependency array    react-hooks/exhaustive-deps

webpack compiled with 1 warning
Compiling...
Compiled with warnings.

[eslint] 
src\components\layout\Header.jsx
  Line 74:8:  React Hook useEffect has a missing dependency: 'quotes.length'. Either include it or remove the dependency array  react-hooks/exhaustive-deps
  Line 95:8:  React Hook useEffect has a missing dependency: 'searchQuery'. Either include it or remove the dependency array    react-hooks/exhaustive-deps

Search for the keywords to learn more about each warning.
To ignore, add // eslint-disable-next-line to the line before.

WARNING in [eslint] 
src\components\layout\Header.jsx
  Line 74:8:  React Hook useEffect has a missing dependency: 'quotes.length'. Either include it or remove the dependency array  react-hooks/exhaustive-deps
  Line 95:8:  React Hook useEffect has a missing dependency: 'searchQuery'. Either include it or remove the dependency array    react-hooks/exhaustive-deps

webpack compiled with 1 warning
Compiling...
Compiled with warnings.

[eslint] 
src\components\layout\Header.jsx
  Line 74:8:  React Hook useEffect has a missing dependency: 'quotes.length'. Either include it or remove the dependency array  react-hooks/exhaustive-deps
  Line 95:8:  React Hook useEffect has a missing dependency: 'searchQuery'. Either include it or remove the dependency array    react-hooks/exhaustive-deps

Search for the keywords to learn more about each warning.
To ignore, add // eslint-disable-next-line to the line before.

WARNING in [eslint] 
src\components\layout\Header.jsx
  Line 74:8:  React Hook useEffect has a missing dependency: 'quotes.length'. Either include it or remove the dependency array  react-hooks/exhaustive-deps
  Line 95:8:  React Hook useEffect has a missing dependency: 'searchQuery'. Either include it or remove the dependency array    react-hooks/exhaustive-deps

webpack compiled with 1 warning
Compiling...
Compiled with warnings.

[eslint] 
src\components\layout\Header.jsx
  Line 74:8:  React Hook useEffect has a missing dependency: 'quotes.length'. Either include it or remove the dependency array  react-hooks/exhaustive-deps
  Line 95:8:  React Hook useEffect has a missing dependency: 'searchQuery'. Either include it or remove the dependency array    react-hooks/exhaustive-deps

Search for the keywords to learn more about each warning.
To ignore, add // eslint-disable-next-line to the line before.

WARNING in [eslint] 
src\components\layout\Header.jsx
  Line 74:8:  React Hook useEffect has a missing dependency: 'quotes.length'. Either include it or remove the dependency array  react-hooks/exhaustive-deps
  Line 95:8:  React Hook useEffect has a missing dependency: 'searchQuery'. Either include it or remove the dependency array    react-hooks/exhaustive-deps

webpack compiled with 1 warning
Compiling...
Compiled with warnings.

[eslint] 
src\components\layout\Header.jsx
  Line 74:8:  React Hook useEffect has a missing dependency: 'quotes.length'. Either include it or remove the dependency array  react-hooks/exhaustive-deps
  Line 95:8:  React Hook useEffect has a missing dependency: 'searchQuery'. Either include it or remove the dependency array    react-hooks/exhaustive-deps

Search for the keywords to learn more about each warning.
To ignore, add // eslint-disable-next-line to the line before.

WARNING in [eslint] 
src\components\layout\Header.jsx
  Line 74:8:  React Hook useEffect has a missing dependency: 'quotes.length'. Either include it or remove the dependency array  react-hooks/exhaustive-deps
  Line 95:8:  React Hook useEffect has a missing dependency: 'searchQuery'. Either include it or remove the dependency array    react-hooks/exhaustive-deps

webpack compiled with 1 warning
Compiling...
Compiled with warnings.

[eslint] 
src\components\layout\Header.jsx
  Line 74:8:  React Hook useEffect has a missing dependency: 'quotes.length'. Either include it or remove the dependency array  react-hooks/exhaustive-deps
  Line 95:8:  React Hook useEffect has a missing dependency: 'searchQuery'. Either include it or remove the dependency array    react-hooks/exhaustive-deps

Search for the keywords to learn more about each warning.
To ignore, add // eslint-disable-next-line to the line before.

WARNING in [eslint] 
src\components\layout\Header.jsx
  Line 74:8:  React Hook useEffect has a missing dependency: 'quotes.length'. Either include it or remove the dependency array  react-hooks/exhaustive-deps
  Line 95:8:  React Hook useEffect has a missing dependency: 'searchQuery'. Either include it or remove the dependency array    react-hooks/exhaustive-deps

webpack compiled with 1 warning
Compiling...
Compiled with warnings.

[eslint] 
src\components\layout\Header.jsx
  Line 74:8:  React Hook useEffect has a missing dependency: 'quotes.length'. Either include it or remove the dependency array  react-hooks/exhaustive-deps
  Line 95:8:  React Hook useEffect has a missing dependency: 'searchQuery'. Either include it or remove the dependency array    react-hooks/exhaustive-deps

Search for the keywords to learn more about each warning.
To ignore, add // eslint-disable-next-line to the line before.

WARNING in [eslint] 
src\components\layout\Header.jsx
  Line 74:8:  React Hook useEffect has a missing dependency: 'quotes.length'. Either include it or remove the dependency array  react-hooks/exhaustive-deps
  Line 95:8:  React Hook useEffect has a missing dependency: 'searchQuery'. Either include it or remove the dependency array    react-hooks/exhaustive-deps

webpack compiled with 1 warning
Compiling...
Compiled with warnings.

[eslint] 
src\components\layout\Header.jsx
  Line 74:8:  React Hook useEffect has a missing dependency: 'quotes.length'. Either include it or remove the dependency array  react-hooks/exhaustive-deps
  Line 95:8:  React Hook useEffect has a missing dependency: 'searchQuery'. Either include it or remove the dependency array    react-hooks/exhaustive-deps

Search for the keywords to learn more about each warning.
To ignore, add // eslint-disable-next-line to the line before.

WARNING in [eslint] 
src\components\layout\Header.jsx
  Line 74:8:  React Hook useEffect has a missing dependency: 'quotes.length'. Either include it or remove the dependency array  react-hooks/exhaustive-deps
  Line 95:8:  React Hook useEffect has a missing dependency: 'searchQuery'. Either include it or remove the dependency array    react-hooks/exhaustive-deps

webpack compiled with 1 warning
Compiling...
Compiled with warnings.

[eslint] 
src\components\layout\Header.jsx
  Line 74:8:  React Hook useEffect has a missing dependency: 'quotes.length'. Either include it or remove the dependency array  react-hooks/exhaustive-deps
  Line 95:8:  React Hook useEffect has a missing dependency: 'searchQuery'. Either include it or remove the dependency array    react-hooks/exhaustive-deps

Search for the keywords to learn more about each warning.
To ignore, add // eslint-disable-next-line to the line before.

WARNING in [eslint] 
src\components\layout\Header.jsx
  Line 74:8:  React Hook useEffect has a missing dependency: 'quotes.length'. Either include it or remove the dependency array  react-hooks/exhaustive-deps
  Line 95:8:  React Hook useEffect has a missing dependency: 'searchQuery'. Either include it or remove the dependency array    react-hooks/exhaustive-deps

webpack compiled with 1 warning
Compiling...
Compiled with warnings.

[eslint] 
src\components\layout\Header.jsx
  Line 74:8:  React Hook useEffect has a missing dependency: 'quotes.length'. Either include it or remove the dependency array  react-hooks/exhaustive-deps
  Line 95:8:  React Hook useEffect has a missing dependency: 'searchQuery'. Either include it or remove the dependency array    react-hooks/exhaustive-deps

Search for the keywords to learn more about each warning.
To ignore, add // eslint-disable-next-line to the line before.

WARNING in [eslint] 
src\components\layout\Header.jsx
  Line 74:8:  React Hook useEffect has a missing dependency: 'quotes.length'. Either include it or remove the dependency array  react-hooks/exhaustive-deps
  Line 95:8:  React Hook useEffect has a missing dependency: 'searchQuery'. Either include it or remove the dependency array    react-hooks/exhaustive-deps

webpack compiled with 1 warning
Compiling...
Compiled with warnings.

[eslint] 
src\components\layout\Header.jsx
  Line 74:8:  React Hook useEffect has a missing dependency: 'quotes.length'. Either include it or remove the dependency array  react-hooks/exhaustive-deps
  Line 95:8:  React Hook useEffect has a missing dependency: 'searchQuery'. Either include it or remove the dependency array    react-hooks/exhaustive-deps

Search for the keywords to learn more about each warning.
To ignore, add // eslint-disable-next-line to the line before.

WARNING in [eslint] 
src\components\layout\Header.jsx
  Line 74:8:  React Hook useEffect has a missing dependency: 'quotes.length'. Either include it or remove the dependency array  react-hooks/exhaustive-deps
  Line 95:8:  React Hook useEffect has a missing dependency: 'searchQuery'. Either include it or remove the dependency array    react-hooks/exhaustive-deps

webpack compiled with 1 warning
Compiling...
Compiled with warnings.

[eslint] 
src\components\layout\Header.jsx
  Line 74:8:  React Hook useEffect has a missing dependency: 'quotes.length'. Either include it or remove the dependency array  react-hooks/exhaustive-deps
  Line 95:8:  React Hook useEffect has a missing dependency: 'searchQuery'. Either include it or remove the dependency array    react-hooks/exhaustive-deps

src\pages\HomePage.jsx
  Line 22:23:  'giftsCategoryProducts' is assigned a value but never used  no-unused-vars

Search for the keywords to learn more about each warning.
To ignore, add // eslint-disable-next-line to the line before.

WARNING in [eslint] 
src\components\layout\Header.jsx
  Line 74:8:  React Hook useEffect has a missing dependency: 'quotes.length'. Either include it or remove the dependency array  react-hooks/exhaustive-deps
  Line 95:8:  React Hook useEffect has a missing dependency: 'searchQuery'. Either include it or remove the dependency array    react-hooks/exhaustive-deps

src\pages\HomePage.jsx
  Line 22:23:  'giftsCategoryProducts' is assigned a value but never used  no-unused-vars

webpack compiled with 1 warning
Compiling...
Failed to compile.

[eslint] 
src\pages\HomePage.jsx
Syntax error: Identifier 'womenProducts' has already been declared. (255:10) (255:10)
WARNING in [eslint] 
src\components\layout\Header.jsx
  Line 74:8:  React Hook useEffect has a missing dependency: 'quotes.length'. Either include it or remove the dependency array  react-hooks/exhaustive-deps
  Line 95:8:  React Hook useEffect has a missing dependency: 'searchQuery'. Either include it or remove the dependency array    react-hooks/exhaustive-deps

ERROR in ./src/pages/HomePage.jsx
Module build failed (from ./node_modules/babel-loader/lib/index.js):
SyntaxError: C:\Users\38972\Desktop\Timski\MaisonDeRenard\frontend\src\pages\HomePage.jsx: Identifier 'womenProducts' has already been declared. (255:10)

  253 |     ];
  254 |
> 255 |     const womenProducts = [
      |           ^
  256 |         {
  257 |             images: ['https://media.loropiana.com/HYBRIS/FAP/FAP5979/D1C00CB8-B96A-45C0-8437-2A7015ACBC71/FAP5979_H10W_MEDIUM.jpg?sw=500&sh=700', 'https://media.loropiana.com/HYBRIS/FAP/FAP5979/13B45339-E3F8-46F5-B9B3-80BD2C234900/FAP5979_H10W_MEDIUM.jpg'],
  258 |             name: 'Cashmere Polo', price: '€1199'
    at constructor (C:\Users\38972\Desktop\Timski\MaisonDeRenard\frontend\node_modules\@babel\parser\lib\index.js:367:19)
    at FlowParserMixin.raise (C:\Users\38972\Desktop\Timski\MaisonDeRenard\frontend\node_modules\@babel\parser\lib\index.js:6630:19)
    at FlowScopeHandler.checkRedeclarationInScope (C:\Users\38972\Desktop\Timski\MaisonDeRenard\frontend\node_modules\@babel\parser\lib\index.js:1647:19)
    at FlowScopeHandler.declareName (C:\Users\38972\Desktop\Timski\MaisonDeRenard\frontend\node_modules\@babel\parser\lib\index.js:1613:12)
    at FlowScopeHandler.declareName (C:\Users\38972\Desktop\Timski\MaisonDeRenard\frontend\node_modules\@babel\parser\lib\index.js:1714:11)
    at FlowParserMixin.declareNameFromIdentifier (C:\Users\38972\Desktop\Timski\MaisonDeRenard\frontend\node_modules\@babel\parser\lib\index.js:7594:16)
    at FlowParserMixin.checkIdentifier (C:\Users\38972\Desktop\Timski\MaisonDeRenard\frontend\node_modules\@babel\parser\lib\index.js:7590:12)
    at FlowParserMixin.checkLVal (C:\Users\38972\Desktop\Timski\MaisonDeRenard\frontend\node_modules\@babel\parser\lib\index.js:7529:12)
    at FlowParserMixin.parseVarId (C:\Users\38972\Desktop\Timski\MaisonDeRenard\frontend\node_modules\@babel\parser\lib\index.js:13421:10)
    at FlowParserMixin.parseVarId (C:\Users\38972\Desktop\Timski\MaisonDeRenard\frontend\node_modules\@babel\parser\lib\index.js:3507:11)
    at FlowParserMixin.parseVar (C:\Users\38972\Desktop\Timski\MaisonDeRenard\frontend\node_modules\@babel\parser\lib\index.js:13392:12)
    at FlowParserMixin.parseVarStatement (C:\Users\38972\Desktop\Timski\MaisonDeRenard\frontend\node_modules\@babel\parser\lib\index.js:13239:10)
    at FlowParserMixin.parseStatementContent (C:\Users\38972\Desktop\Timski\MaisonDeRenard\frontend\node_modules\@babel\parser\lib\index.js:12860:23)
    at FlowParserMixin.parseStatementLike (C:\Users\38972\Desktop\Timski\MaisonDeRenard\frontend\node_modules\@babel\parser\lib\index.js:12776:17)
    at FlowParserMixin.parseStatementLike (C:\Users\38972\Desktop\Timski\MaisonDeRenard\frontend\node_modules\@babel\parser\lib\index.js:2949:24)
    at FlowParserMixin.parseStatementListItem (C:\Users\38972\Desktop\Timski\MaisonDeRenard\frontend\node_modules\@babel\parser\lib\index.js:12756:17)
    at FlowParserMixin.parseBlockOrModuleBlockBody (C:\Users\38972\Desktop\Timski\MaisonDeRenard\frontend\node_modules\@babel\parser\lib\index.js:13325:61)
    at FlowParserMixin.parseBlockBody (C:\Users\38972\Desktop\Timski\MaisonDeRenard\frontend\node_modules\@babel\parser\lib\index.js:13318:10)
    at FlowParserMixin.parseBlock (C:\Users\38972\Desktop\Timski\MaisonDeRenard\frontend\node_modules\@babel\parser\lib\index.js:13306:10)
    at FlowParserMixin.parseFunctionBody (C:\Users\38972\Desktop\Timski\MaisonDeRenard\frontend\node_modules\@babel\parser\lib\index.js:12110:24)
    at C:\Users\38972\Desktop\Timski\MaisonDeRenard\frontend\node_modules\@babel\parser\lib\index.js:2923:63
    at FlowParserMixin.forwardNoArrowParamsConversionAt (C:\Users\38972\Desktop\Timski\MaisonDeRenard\frontend\node_modules\@babel\parser\lib\index.js:3099:16)
    at FlowParserMixin.parseFunctionBody (C:\Users\38972\Desktop\Timski\MaisonDeRenard\frontend\node_modules\@babel\parser\lib\index.js:2923:12)
    at FlowParserMixin.parseArrowExpression (C:\Users\38972\Desktop\Timski\MaisonDeRenard\frontend\node_modules\@babel\parser\lib\index.js:12085:10)
    at FlowParserMixin.parseParenAndDistinguishExpression (C:\Users\38972\Desktop\Timski\MaisonDeRenard\frontend\node_modules\@babel\parser\lib\index.js:11695:12)
    at FlowParserMixin.parseParenAndDistinguishExpression (C:\Users\38972\Desktop\Timski\MaisonDeRenard\frontend\node_modules\@babel\parser\lib\index.js:3624:18)
    at FlowParserMixin.parseExprAtom (C:\Users\38972\Desktop\Timski\MaisonDeRenard\frontend\node_modules\@babel\parser\lib\index.js:11335:23)
    at FlowParserMixin.parseExprAtom (C:\Users\38972\Desktop\Timski\MaisonDeRenard\frontend\node_modules\@babel\parser\lib\index.js:4797:20)
    at FlowParserMixin.parseExprSubscripts (C:\Users\38972\Desktop\Timski\MaisonDeRenard\frontend\node_modules\@babel\parser\lib\index.js:11085:23)
    at FlowParserMixin.parseUpdate (C:\Users\38972\Desktop\Timski\MaisonDeRenard\frontend\node_modules\@babel\parser\lib\index.js:11070:21)
    at FlowParserMixin.parseMaybeUnary (C:\Users\38972\Desktop\Timski\MaisonDeRenard\frontend\node_modules\@babel\parser\lib\index.js:11050:23)
    at FlowParserMixin.parseMaybeUnaryOrPrivate (C:\Users\38972\Desktop\Timski\MaisonDeRenard\frontend\node_modules\@babel\parser\lib\index.js:10903:61)
    at FlowParserMixin.parseExprOps (C:\Users\38972\Desktop\Timski\MaisonDeRenard\frontend\node_modules\@babel\parser\lib\index.js:10908:23)
    at FlowParserMixin.parseMaybeConditional (C:\Users\38972\Desktop\Timski\MaisonDeRenard\frontend\node_modules\@babel\parser\lib\index.js:10885:23)
    at FlowParserMixin.parseMaybeAssign (C:\Users\38972\Desktop\Timski\MaisonDeRenard\frontend\node_modules\@babel\parser\lib\index.js:10835:21)
    at FlowParserMixin.parseMaybeAssign (C:\Users\38972\Desktop\Timski\MaisonDeRenard\frontend\node_modules\@babel\parser\lib\index.js:3582:18)
    at C:\Users\38972\Desktop\Timski\MaisonDeRenard\frontend\node_modules\@babel\parser\lib\index.js:10804:39
    at FlowParserMixin.allowInAnd (C:\Users\38972\Desktop\Timski\MaisonDeRenard\frontend\node_modules\@babel\parser\lib\index.js:12431:16)
    at FlowParserMixin.parseMaybeAssignAllowIn (C:\Users\38972\Desktop\Timski\MaisonDeRenard\frontend\node_modules\@babel\parser\lib\index.js:10804:17)
    at FlowParserMixin.parseVar (C:\Users\38972\Desktop\Timski\MaisonDeRenard\frontend\node_modules\@babel\parser\lib\index.js:13393:91)
    at FlowParserMixin.parseVarStatement (C:\Users\38972\Desktop\Timski\MaisonDeRenard\frontend\node_modules\@babel\parser\lib\index.js:13239:10)
    at FlowParserMixin.parseStatementContent (C:\Users\38972\Desktop\Timski\MaisonDeRenard\frontend\node_modules\@babel\parser\lib\index.js:12860:23)
    at FlowParserMixin.parseStatementLike (C:\Users\38972\Desktop\Timski\MaisonDeRenard\frontend\node_modules\@babel\parser\lib\index.js:12776:17)
    at FlowParserMixin.parseStatementLike (C:\Users\38972\Desktop\Timski\MaisonDeRenard\frontend\node_modules\@babel\parser\lib\index.js:2949:24)
    at FlowParserMixin.parseModuleItem (C:\Users\38972\Desktop\Timski\MaisonDeRenard\frontend\node_modules\@babel\parser\lib\index.js:12753:17)
    at FlowParserMixin.parseBlockOrModuleBlockBody (C:\Users\38972\Desktop\Timski\MaisonDeRenard\frontend\node_modules\@babel\parser\lib\index.js:13325:36)
    at FlowParserMixin.parseBlockBody (C:\Users\38972\Desktop\Timski\MaisonDeRenard\frontend\node_modules\@babel\parser\lib\index.js:13318:10)
    at FlowParserMixin.parseProgram (C:\Users\38972\Desktop\Timski\MaisonDeRenard\frontend\node_modules\@babel\parser\lib\index.js:12634:10)
    at FlowParserMixin.parseTopLevel (C:\Users\38972\Desktop\Timski\MaisonDeRenard\frontend\node_modules\@babel\parser\lib\index.js:12624:25)
    at FlowParserMixin.parseTopLevel (C:\Users\38972\Desktop\Timski\MaisonDeRenard\frontend\node_modules\@babel\parser\lib\index.js:3718:28)

ERROR in [eslint] 
src\pages\HomePage.jsx
  Line 255:10:  Parsing error: Identifier 'womenProducts' has already been declared. (255:10)

webpack compiled with 2 errors and 1 warning
Compiling...
Compiled with warnings.

[eslint] 
src\components\layout\Header.jsx
  Line 74:8:  React Hook useEffect has a missing dependency: 'quotes.length'. Either include it or remove the dependency array  react-hooks/exhaustive-deps
  Line 95:8:  React Hook useEffect has a missing dependency: 'searchQuery'. Either include it or remove the dependency array    react-hooks/exhaustive-deps

Search for the keywords to learn more about each warning.
To ignore, add // eslint-disable-next-line to the line before.

WARNING in [eslint] 
src\components\layout\Header.jsx
  Line 74:8:  React Hook useEffect has a missing dependency: 'quotes.length'. Either include it or remove the dependency array  react-hooks/exhaustive-deps
  Line 95:8:  React Hook useEffect has a missing dependency: 'searchQuery'. Either include it or remove the dependency array    react-hooks/exhaustive-deps

webpack compiled with 1 warning
Compiling...
Compiled with warnings.

[eslint] 
src\components\layout\Header.jsx
  Line 74:8:  React Hook useEffect has a missing dependency: 'quotes.length'. Either include it or remove the dependency array  react-hooks/exhaustive-deps
  Line 95:8:  React Hook useEffect has a missing dependency: 'searchQuery'. Either include it or remove the dependency array    react-hooks/exhaustive-deps

Search for the keywords to learn more about each warning.
To ignore, add // eslint-disable-next-line to the line before.

WARNING in [eslint] 
src\components\layout\Header.jsx
  Line 74:8:  React Hook useEffect has a missing dependency: 'quotes.length'. Either include it or remove the dependency array  react-hooks/exhaustive-deps
  Line 95:8:  React Hook useEffect has a missing dependency: 'searchQuery'. Either include it or remove the dependency array    react-hooks/exhaustive-deps

webpack compiled with 1 warning
Compiling...
Compiled with warnings.

[eslint] 
src\components\layout\Header.jsx
  Line 74:8:  React Hook useEffect has a missing dependency: 'quotes.length'. Either include it or remove the dependency array  react-hooks/exhaustive-deps
  Line 95:8:  React Hook useEffect has a missing dependency: 'searchQuery'. Either include it or remove the dependency array    react-hooks/exhaustive-deps

Search for the keywords to learn more about each warning.
To ignore, add // eslint-disable-next-line to the line before.

WARNING in [eslint] 
src\components\layout\Header.jsx
  Line 74:8:  React Hook useEffect has a missing dependency: 'quotes.length'. Either include it or remove the dependency array  react-hooks/exhaustive-deps
  Line 95:8:  React Hook useEffect has a missing dependency: 'searchQuery'. Either include it or remove the dependency array    react-hooks/exhaustive-deps

webpack compiled with 1 warning
Compiling...
Compiled with warnings.

[eslint] 
src\components\layout\Header.jsx
  Line 74:8:  React Hook useEffect has a missing dependency: 'quotes.length'. Either include it or remove the dependency array  react-hooks/exhaustive-deps
  Line 95:8:  React Hook useEffect has a missing dependency: 'searchQuery'. Either include it or remove the dependency array    react-hooks/exhaustive-deps

Search for the keywords to learn more about each warning.
To ignore, add // eslint-disable-next-line to the line before.

WARNING in [eslint] 
src\components\layout\Header.jsx
  Line 74:8:  React Hook useEffect has a missing dependency: 'quotes.length'. Either include it or remove the dependency array  react-hooks/exhaustive-deps
  Line 95:8:  React Hook useEffect has a missing dependency: 'searchQuery'. Either include it or remove the dependency array    react-hooks/exhaustive-deps

webpack compiled with 1 warning
Compiling...
Compiled with warnings.

[eslint] 
src\components\layout\Header.jsx
  Line 74:8:  React Hook useEffect has a missing dependency: 'quotes.length'. Either include it or remove the dependency array  react-hooks/exhaustive-deps
  Line 95:8:  React Hook useEffect has a missing dependency: 'searchQuery'. Either include it or remove the dependency array    react-hooks/exhaustive-deps

Search for the keywords to learn more about each warning.
To ignore, add // eslint-disable-next-line to the line before.

WARNING in [eslint] 
src\components\layout\Header.jsx
  Line 74:8:  React Hook useEffect has a missing dependency: 'quotes.length'. Either include it or remove the dependency array  react-hooks/exhaustive-deps
  Line 95:8:  React Hook useEffect has a missing dependency: 'searchQuery'. Either include it or remove the dependency array    react-hooks/exhaustive-deps

webpack compiled with 1 warning
Compiling...
Compiled with warnings.

[eslint] 
src\components\layout\Header.jsx
  Line 74:8:  React Hook useEffect has a missing dependency: 'quotes.length'. Either include it or remove the dependency array  react-hooks/exhaustive-deps
  Line 95:8:  React Hook useEffect has a missing dependency: 'searchQuery'. Either include it or remove the dependency array    react-hooks/exhaustive-deps

Search for the keywords to learn more about each warning.
To ignore, add // eslint-disable-next-line to the line before.

WARNING in [eslint] 
src\components\layout\Header.jsx
  Line 74:8:  React Hook useEffect has a missing dependency: 'quotes.length'. Either include it or remove the dependency array  react-hooks/exhaustive-deps
  Line 95:8:  React Hook useEffect has a missing dependency: 'searchQuery'. Either include it or remove the dependency array    react-hooks/exhaustive-deps

webpack compiled with 1 warning
Compiling...
Compiled with warnings.

[eslint] 
src\components\layout\Header.jsx
  Line 74:8:  React Hook useEffect has a missing dependency: 'quotes.length'. Either include it or remove the dependency array  react-hooks/exhaustive-deps
  Line 95:8:  React Hook useEffect has a missing dependency: 'searchQuery'. Either include it or remove the dependency array    react-hooks/exhaustive-deps

Search for the keywords to learn more about each warning.
To ignore, add // eslint-disable-next-line to the line before.

WARNING in [eslint] 
src\components\layout\Header.jsx
  Line 74:8:  React Hook useEffect has a missing dependency: 'quotes.length'. Either include it or remove the dependency array  react-hooks/exhaustive-deps
  Line 95:8:  React Hook useEffect has a missing dependency: 'searchQuery'. Either include it or remove the dependency array    react-hooks/exhaustive-deps

webpack compiled with 1 warning
Compiling...
Compiled with warnings.

[eslint] 
src\components\CustomCursor.jsx
  Line 2:8:  'NearMeIcon' is defined but never used  no-unused-vars

src\components\layout\Header.jsx
  Line 74:8:  React Hook useEffect has a missing dependency: 'quotes.length'. Either include it or remove the dependency array  react-hooks/exhaustive-deps
  Line 95:8:  React Hook useEffect has a missing dependency: 'searchQuery'. Either include it or remove the dependency array    react-hooks/exhaustive-deps

Search for the keywords to learn more about each warning.
To ignore, add // eslint-disable-next-line to the line before.

WARNING in [eslint] 
src\components\CustomCursor.jsx
  Line 2:8:  'NearMeIcon' is defined but never used  no-unused-vars

src\components\layout\Header.jsx
  Line 74:8:  React Hook useEffect has a missing dependency: 'quotes.length'. Either include it or remove the dependency array  react-hooks/exhaustive-deps
  Line 95:8:  React Hook useEffect has a missing dependency: 'searchQuery'. Either include it or remove the dependency array    react-hooks/exhaustive-deps

webpack compiled with 1 warning
Compiling...
Compiled with warnings.

[eslint] 
src\components\CustomCursor.jsx
  Line 2:8:   'NearMeIcon' is defined but never used           no-unused-vars
  Line 29:7:  'ARROW_PATH' is assigned a value but never used  no-unused-vars

src\components\layout\Header.jsx
  Line 74:8:  React Hook useEffect has a missing dependency: 'quotes.length'. Either include it or remove the dependency array  react-hooks/exhaustive-deps
  Line 95:8:  React Hook useEffect has a missing dependency: 'searchQuery'. Either include it or remove the dependency array    react-hooks/exhaustive-deps

Search for the keywords to learn more about each warning.
To ignore, add // eslint-disable-next-line to the line before.

WARNING in [eslint] 
src\components\CustomCursor.jsx
  Line 2:8:   'NearMeIcon' is defined but never used           no-unused-vars
  Line 29:7:  'ARROW_PATH' is assigned a value but never used  no-unused-vars

src\components\layout\Header.jsx
  Line 74:8:  React Hook useEffect has a missing dependency: 'quotes.length'. Either include it or remove the dependency array  react-hooks/exhaustive-deps
  Line 95:8:  React Hook useEffect has a missing dependency: 'searchQuery'. Either include it or remove the dependency array    react-hooks/exhaustive-deps

webpack compiled with 1 warning
Compiling...
Compiled with warnings.

[eslint] 
src\components\CustomCursor.jsx
  Line 2:8:   'NearMeIcon' is defined but never used           no-unused-vars
  Line 29:7:  'ARROW_PATH' is assigned a value but never used  no-unused-vars

src\components\layout\Header.jsx
  Line 74:8:  React Hook useEffect has a missing dependency: 'quotes.length'. Either include it or remove the dependency array  react-hooks/exhaustive-deps
  Line 95:8:  React Hook useEffect has a missing dependency: 'searchQuery'. Either include it or remove the dependency array    react-hooks/exhaustive-deps

Search for the keywords to learn more about each warning.
To ignore, add // eslint-disable-next-line to the line before.

WARNING in [eslint] 
src\components\CustomCursor.jsx
  Line 2:8:   'NearMeIcon' is defined but never used           no-unused-vars
  Line 29:7:  'ARROW_PATH' is assigned a value but never used  no-unused-vars

src\components\layout\Header.jsx
  Line 74:8:  React Hook useEffect has a missing dependency: 'quotes.length'. Either include it or remove the dependency array  react-hooks/exhaustive-deps
  Line 95:8:  React Hook useEffect has a missing dependency: 'searchQuery'. Either include it or remove the dependency array    react-hooks/exhaustive-deps

webpack compiled with 1 warning
Compiling...
Compiled with warnings.

[eslint] 
src\components\CustomCursor.jsx
  Line 28:7:  'ARROW_PATH' is assigned a value but never used  no-unused-vars

src\components\layout\Header.jsx
  Line 74:8:  React Hook useEffect has a missing dependency: 'quotes.length'. Either include it or remove the dependency array  react-hooks/exhaustive-deps
  Line 95:8:  React Hook useEffect has a missing dependency: 'searchQuery'. Either include it or remove the dependency array    react-hooks/exhaustive-deps

Search for the keywords to learn more about each warning.
To ignore, add // eslint-disable-next-line to the line before.

WARNING in [eslint] 
src\components\CustomCursor.jsx
  Line 28:7:  'ARROW_PATH' is assigned a value but never used  no-unused-vars

src\components\layout\Header.jsx
  Line 74:8:  React Hook useEffect has a missing dependency: 'quotes.length'. Either include it or remove the dependency array  react-hooks/exhaustive-deps
  Line 95:8:  React Hook useEffect has a missing dependency: 'searchQuery'. Either include it or remove the dependency array    react-hooks/exhaustive-deps

webpack compiled with 1 warning
Compiling...
Compiled with warnings.

[eslint] 
src\components\layout\Header.jsx
  Line 74:8:  React Hook useEffect has a missing dependency: 'quotes.length'. Either include it or remove the dependency array  react-hooks/exhaustive-deps
  Line 95:8:  React Hook useEffect has a missing dependency: 'searchQuery'. Either include it or remove the dependency array    react-hooks/exhaustive-deps

Search for the keywords to learn more about each warning.
To ignore, add // eslint-disable-next-line to the line before.

WARNING in [eslint] 
src\components\layout\Header.jsx
  Line 74:8:  React Hook useEffect has a missing dependency: 'quotes.length'. Either include it or remove the dependency array  react-hooks/exhaustive-deps
  Line 95:8:  React Hook useEffect has a missing dependency: 'searchQuery'. Either include it or remove the dependency array    react-hooks/exhaustive-deps

webpack compiled with 1 warning
Compiling...
Failed to compile.

[eslint] 
src\components\CustomCursor.jsx
  Line 119:26:  'ARROW_PATH' is not defined  no-undef

Search for the keywords to learn more about each error.
WARNING in [eslint] 
src\components\layout\Header.jsx
  Line 74:8:  React Hook useEffect has a missing dependency: 'quotes.length'. Either include it or remove the dependency array  react-hooks/exhaustive-deps
  Line 95:8:  React Hook useEffect has a missing dependency: 'searchQuery'. Either include it or remove the dependency array    react-hooks/exhaustive-deps

ERROR in [eslint] 
src\components\CustomCursor.jsx
  Line 119:26:  'ARROW_PATH' is not defined  no-undef

Search for the keywords to learn more about each error.

webpack compiled with 1 error and 1 warning
Compiling...
Compiled with warnings.

[eslint] 
src\components\layout\Header.jsx
  Line 74:8:  React Hook useEffect has a missing dependency: 'quotes.length'. Either include it or remove the dependency array  react-hooks/exhaustive-deps
  Line 95:8:  React Hook useEffect has a missing dependency: 'searchQuery'. Either include it or remove the dependency array    react-hooks/exhaustive-deps

Search for the keywords to learn more about each warning.
To ignore, add // eslint-disable-next-line to the line before.

WARNING in [eslint] 
src\components\layout\Header.jsx
  Line 74:8:  React Hook useEffect has a missing dependency: 'quotes.length'. Either include it or remove the dependency array  react-hooks/exhaustive-deps
  Line 95:8:  React Hook useEffect has a missing dependency: 'searchQuery'. Either include it or remove the dependency array    react-hooks/exhaustive-deps

webpack compiled with 1 warning
Compiling...
Failed to compile.

[eslint] 
src\components\CustomCursor.jsx
Syntax error: Identifier 'ARROW_PATH' has already been declared. (31:6) (31:6)
WARNING in [eslint] 
src\components\layout\Header.jsx
  Line 74:8:  React Hook useEffect has a missing dependency: 'quotes.length'. Either include it or remove the dependency array  react-hooks/exhaustive-deps
  Line 95:8:  React Hook useEffect has a missing dependency: 'searchQuery'. Either include it or remove the dependency array    react-hooks/exhaustive-deps

ERROR in ./src/components/CustomCursor.jsx
Module build failed (from ./node_modules/babel-loader/lib/index.js):
SyntaxError: C:\Users\38972\Desktop\Timski\MaisonDeRenard\frontend\src\components\CustomCursor.jsx: Identifier 'ARROW_PATH' has already been declared. (31:6)

  29 | // A classic pointer-arrow glyph (the same silhouette as a standard OS mouse
  30 | // cursor) in a 24x24 box, tip at roughly (3,3) - used in place of a plain dot.
> 31 | const ARROW_PATH = 'M3 3l7.07 16.97 2.51-7.39 7.39-2.51L3 3z';
     |       ^
  32 |
  33 | const CustomCursor = () => {
  34 |     const dotRef = useRef(null);
    at constructor (C:\Users\38972\Desktop\Timski\MaisonDeRenard\frontend\node_modules\@babel\parser\lib\index.js:367:19)
    at FlowParserMixin.raise (C:\Users\38972\Desktop\Timski\MaisonDeRenard\frontend\node_modules\@babel\parser\lib\index.js:6630:19)
    at FlowScopeHandler.checkRedeclarationInScope (C:\Users\38972\Desktop\Timski\MaisonDeRenard\frontend\node_modules\@babel\parser\lib\index.js:1647:19)
    at FlowScopeHandler.declareName (C:\Users\38972\Desktop\Timski\MaisonDeRenard\frontend\node_modules\@babel\parser\lib\index.js:1613:12)
    at FlowScopeHandler.declareName (C:\Users\38972\Desktop\Timski\MaisonDeRenard\frontend\node_modules\@babel\parser\lib\index.js:1714:11)
    at FlowParserMixin.declareNameFromIdentifier (C:\Users\38972\Desktop\Timski\MaisonDeRenard\frontend\node_modules\@babel\parser\lib\index.js:7594:16)
    at FlowParserMixin.checkIdentifier (C:\Users\38972\Desktop\Timski\MaisonDeRenard\frontend\node_modules\@babel\parser\lib\index.js:7590:12)
    at FlowParserMixin.checkLVal (C:\Users\38972\Desktop\Timski\MaisonDeRenard\frontend\node_modules\@babel\parser\lib\index.js:7529:12)
    at FlowParserMixin.parseVarId (C:\Users\38972\Desktop\Timski\MaisonDeRenard\frontend\node_modules\@babel\parser\lib\index.js:13421:10)
    at FlowParserMixin.parseVarId (C:\Users\38972\Desktop\Timski\MaisonDeRenard\frontend\node_modules\@babel\parser\lib\index.js:3507:11)
    at FlowParserMixin.parseVar (C:\Users\38972\Desktop\Timski\MaisonDeRenard\frontend\node_modules\@babel\parser\lib\index.js:13392:12)
    at FlowParserMixin.parseVarStatement (C:\Users\38972\Desktop\Timski\MaisonDeRenard\frontend\node_modules\@babel\parser\lib\index.js:13239:10)
    at FlowParserMixin.parseStatementContent (C:\Users\38972\Desktop\Timski\MaisonDeRenard\frontend\node_modules\@babel\parser\lib\index.js:12860:23)
    at FlowParserMixin.parseStatementLike (C:\Users\38972\Desktop\Timski\MaisonDeRenard\frontend\node_modules\@babel\parser\lib\index.js:12776:17)
    at FlowParserMixin.parseStatementLike (C:\Users\38972\Desktop\Timski\MaisonDeRenard\frontend\node_modules\@babel\parser\lib\index.js:2949:24)
    at FlowParserMixin.parseModuleItem (C:\Users\38972\Desktop\Timski\MaisonDeRenard\frontend\node_modules\@babel\parser\lib\index.js:12753:17)
    at FlowParserMixin.parseBlockOrModuleBlockBody (C:\Users\38972\Desktop\Timski\MaisonDeRenard\frontend\node_modules\@babel\parser\lib\index.js:13325:36)
    at FlowParserMixin.parseBlockBody (C:\Users\38972\Desktop\Timski\MaisonDeRenard\frontend\node_modules\@babel\parser\lib\index.js:13318:10)
    at FlowParserMixin.parseProgram (C:\Users\38972\Desktop\Timski\MaisonDeRenard\frontend\node_modules\@babel\parser\lib\index.js:12634:10)
    at FlowParserMixin.parseTopLevel (C:\Users\38972\Desktop\Timski\MaisonDeRenard\frontend\node_modules\@babel\parser\lib\index.js:12624:25)
    at FlowParserMixin.parseTopLevel (C:\Users\38972\Desktop\Timski\MaisonDeRenard\frontend\node_modules\@babel\parser\lib\index.js:3718:28)
    at FlowParserMixin.parse (C:\Users\38972\Desktop\Timski\MaisonDeRenard\frontend\node_modules\@babel\parser\lib\index.js:14501:10)
    at parse (C:\Users\38972\Desktop\Timski\MaisonDeRenard\frontend\node_modules\@babel\parser\lib\index.js:14535:38)
    at parser (C:\Users\38972\Desktop\Timski\MaisonDeRenard\frontend\node_modules\@babel\core\lib\parser\index.js:41:34)
    at parser.next (<anonymous>)
    at normalizeFile (C:\Users\38972\Desktop\Timski\MaisonDeRenard\frontend\node_modules\@babel\core\lib\transformation\normalize-file.js:64:37)
    at normalizeFile.next (<anonymous>)
    at run (C:\Users\38972\Desktop\Timski\MaisonDeRenard\frontend\node_modules\@babel\core\lib\transformation\index.js:22:50)
    at run.next (<anonymous>)
    at transform (C:\Users\38972\Desktop\Timski\MaisonDeRenard\frontend\node_modules\@babel\core\lib\transform.js:22:33)
    at transform.next (<anonymous>)
    at step (C:\Users\38972\Desktop\Timski\MaisonDeRenard\frontend\node_modules\gensync\index.js:261:32)
    at C:\Users\38972\Desktop\Timski\MaisonDeRenard\frontend\node_modules\gensync\index.js:273:13
    at async.call.result.err.err (C:\Users\38972\Desktop\Timski\MaisonDeRenard\frontend\node_modules\gensync\index.js:223:11)

ERROR in [eslint] 
src\components\CustomCursor.jsx
  Line 31:6:  Parsing error: Identifier 'ARROW_PATH' has already been declared. (31:6)

webpack compiled with 2 errors and 1 warning
Compiling...
Failed to compile.

[eslint] 
src\components\CustomCursor.jsx
Syntax error: Identifier 'ARROW_PATH' has already been declared. (31:6) (31:6)
WARNING in [eslint] 
src\components\layout\Header.jsx
  Line 74:8:  React Hook useEffect has a missing dependency: 'quotes.length'. Either include it or remove the dependency array  react-hooks/exhaustive-deps
  Line 95:8:  React Hook useEffect has a missing dependency: 'searchQuery'. Either include it or remove the dependency array    react-hooks/exhaustive-deps

ERROR in ./src/components/CustomCursor.jsx
Module build failed (from ./node_modules/babel-loader/lib/index.js):
SyntaxError: C:\Users\38972\Desktop\Timski\MaisonDeRenard\frontend\src\components\CustomCursor.jsx: Identifier 'ARROW_PATH' has already been declared. (31:6)

  29 | // A classic pointer-arrow glyph (the same silhouette as a standard OS mouse
  30 | // cursor) in a 24x24 box, tip at roughly (3,3) - used in place of a plain dot.
> 31 | const ARROW_PATH = 'M3 3l7.07 16.97 2.51-7.39 7.39-2.51L3 3z';
     |       ^
  32 |
  33 | const CustomCursor = () => {
  34 |     const dotRef = useRef(null);
    at constructor (C:\Users\38972\Desktop\Timski\MaisonDeRenard\frontend\node_modules\@babel\parser\lib\index.js:367:19)
    at FlowParserMixin.raise (C:\Users\38972\Desktop\Timski\MaisonDeRenard\frontend\node_modules\@babel\parser\lib\index.js:6630:19)
    at FlowScopeHandler.checkRedeclarationInScope (C:\Users\38972\Desktop\Timski\MaisonDeRenard\frontend\node_modules\@babel\parser\lib\index.js:1647:19)
    at FlowScopeHandler.declareName (C:\Users\38972\Desktop\Timski\MaisonDeRenard\frontend\node_modules\@babel\parser\lib\index.js:1613:12)
    at FlowScopeHandler.declareName (C:\Users\38972\Desktop\Timski\MaisonDeRenard\frontend\node_modules\@babel\parser\lib\index.js:1714:11)
    at FlowParserMixin.declareNameFromIdentifier (C:\Users\38972\Desktop\Timski\MaisonDeRenard\frontend\node_modules\@babel\parser\lib\index.js:7594:16)
    at FlowParserMixin.checkIdentifier (C:\Users\38972\Desktop\Timski\MaisonDeRenard\frontend\node_modules\@babel\parser\lib\index.js:7590:12)
    at FlowParserMixin.checkLVal (C:\Users\38972\Desktop\Timski\MaisonDeRenard\frontend\node_modules\@babel\parser\lib\index.js:7529:12)
    at FlowParserMixin.parseVarId (C:\Users\38972\Desktop\Timski\MaisonDeRenard\frontend\node_modules\@babel\parser\lib\index.js:13421:10)
    at FlowParserMixin.parseVarId (C:\Users\38972\Desktop\Timski\MaisonDeRenard\frontend\node_modules\@babel\parser\lib\index.js:3507:11)
    at FlowParserMixin.parseVar (C:\Users\38972\Desktop\Timski\MaisonDeRenard\frontend\node_modules\@babel\parser\lib\index.js:13392:12)
    at FlowParserMixin.parseVarStatement (C:\Users\38972\Desktop\Timski\MaisonDeRenard\frontend\node_modules\@babel\parser\lib\index.js:13239:10)
    at FlowParserMixin.parseStatementContent (C:\Users\38972\Desktop\Timski\MaisonDeRenard\frontend\node_modules\@babel\parser\lib\index.js:12860:23)
    at FlowParserMixin.parseStatementLike (C:\Users\38972\Desktop\Timski\MaisonDeRenard\frontend\node_modules\@babel\parser\lib\index.js:12776:17)
    at FlowParserMixin.parseStatementLike (C:\Users\38972\Desktop\Timski\MaisonDeRenard\frontend\node_modules\@babel\parser\lib\index.js:2949:24)
    at FlowParserMixin.parseModuleItem (C:\Users\38972\Desktop\Timski\MaisonDeRenard\frontend\node_modules\@babel\parser\lib\index.js:12753:17)
    at FlowParserMixin.parseBlockOrModuleBlockBody (C:\Users\38972\Desktop\Timski\MaisonDeRenard\frontend\node_modules\@babel\parser\lib\index.js:13325:36)
    at FlowParserMixin.parseBlockBody (C:\Users\38972\Desktop\Timski\MaisonDeRenard\frontend\node_modules\@babel\parser\lib\index.js:13318:10)
    at FlowParserMixin.parseProgram (C:\Users\38972\Desktop\Timski\MaisonDeRenard\frontend\node_modules\@babel\parser\lib\index.js:12634:10)
    at FlowParserMixin.parseTopLevel (C:\Users\38972\Desktop\Timski\MaisonDeRenard\frontend\node_modules\@babel\parser\lib\index.js:12624:25)
    at FlowParserMixin.parseTopLevel (C:\Users\38972\Desktop\Timski\MaisonDeRenard\frontend\node_modules\@babel\parser\lib\index.js:3718:28)
    at FlowParserMixin.parse (C:\Users\38972\Desktop\Timski\MaisonDeRenard\frontend\node_modules\@babel\parser\lib\index.js:14501:10)
    at parse (C:\Users\38972\Desktop\Timski\MaisonDeRenard\frontend\node_modules\@babel\parser\lib\index.js:14535:38)
    at parser (C:\Users\38972\Desktop\Timski\MaisonDeRenard\frontend\node_modules\@babel\core\lib\parser\index.js:41:34)
    at parser.next (<anonymous>)
    at normalizeFile (C:\Users\38972\Desktop\Timski\MaisonDeRenard\frontend\node_modules\@babel\core\lib\transformation\normalize-file.js:64:37)
    at normalizeFile.next (<anonymous>)
    at run (C:\Users\38972\Desktop\Timski\MaisonDeRenard\frontend\node_modules\@babel\core\lib\transformation\index.js:22:50)
    at run.next (<anonymous>)
    at transform (C:\Users\38972\Desktop\Timski\MaisonDeRenard\frontend\node_modules\@babel\core\lib\transform.js:22:33)
    at transform.next (<anonymous>)
    at step (C:\Users\38972\Desktop\Timski\MaisonDeRenard\frontend\node_modules\gensync\index.js:261:32)
    at C:\Users\38972\Desktop\Timski\MaisonDeRenard\frontend\node_modules\gensync\index.js:273:13
    at async.call.result.err.err (C:\Users\38972\Desktop\Timski\MaisonDeRenard\frontend\node_modules\gensync\index.js:223:11)

ERROR in [eslint] 
src\components\CustomCursor.jsx
  Line 31:6:  Parsing error: Identifier 'ARROW_PATH' has already been declared. (31:6)

webpack compiled with 2 errors and 1 warning
Compiling...
Compiled with warnings.

[eslint] 
src\components\layout\Header.jsx
  Line 74:8:  React Hook useEffect has a missing dependency: 'quotes.length'. Either include it or remove the dependency array  react-hooks/exhaustive-deps
  Line 95:8:  React Hook useEffect has a missing dependency: 'searchQuery'. Either include it or remove the dependency array    react-hooks/exhaustive-deps

Search for the keywords to learn more about each warning.
To ignore, add // eslint-disable-next-line to the line before.

WARNING in [eslint] 
src\components\layout\Header.jsx
  Line 74:8:  React Hook useEffect has a missing dependency: 'quotes.length'. Either include it or remove the dependency array  react-hooks/exhaustive-deps
  Line 95:8:  React Hook useEffect has a missing dependency: 'searchQuery'. Either include it or remove the dependency array    react-hooks/exhaustive-deps

webpack compiled with 1 warning
Compiling...
Compiled with warnings.

[eslint] 
src\components\layout\Header.jsx
  Line 74:8:  React Hook useEffect has a missing dependency: 'quotes.length'. Either include it or remove the dependency array  react-hooks/exhaustive-deps
  Line 95:8:  React Hook useEffect has a missing dependency: 'searchQuery'. Either include it or remove the dependency array    react-hooks/exhaustive-deps

Search for the keywords to learn more about each warning.
To ignore, add // eslint-disable-next-line to the line before.

WARNING in [eslint] 
src\components\layout\Header.jsx
  Line 74:8:  React Hook useEffect has a missing dependency: 'quotes.length'. Either include it or remove the dependency array  react-hooks/exhaustive-deps
  Line 95:8:  React Hook useEffect has a missing dependency: 'searchQuery'. Either include it or remove the dependency array    react-hooks/exhaustive-deps

webpack compiled with 1 warning
Compiling...
Compiled with warnings.

[eslint] 
src\components\layout\Header.jsx
  Line 74:8:  React Hook useEffect has a missing dependency: 'quotes.length'. Either include it or remove the dependency array  react-hooks/exhaustive-deps
  Line 95:8:  React Hook useEffect has a missing dependency: 'searchQuery'. Either include it or remove the dependency array    react-hooks/exhaustive-deps

Search for the keywords to learn more about each warning.
To ignore, add // eslint-disable-next-line to the line before.

WARNING in [eslint] 
src\components\layout\Header.jsx
  Line 74:8:  React Hook useEffect has a missing dependency: 'quotes.length'. Either include it or remove the dependency array  react-hooks/exhaustive-deps
  Line 95:8:  React Hook useEffect has a missing dependency: 'searchQuery'. Either include it or remove the dependency array    react-hooks/exhaustive-deps

webpack compiled with 1 warning
Compiling...
Compiled with warnings.

[eslint] 
src\components\layout\Header.jsx
  Line 74:8:  React Hook useEffect has a missing dependency: 'quotes.length'. Either include it or remove the dependency array  react-hooks/exhaustive-deps
  Line 95:8:  React Hook useEffect has a missing dependency: 'searchQuery'. Either include it or remove the dependency array    react-hooks/exhaustive-deps

Search for the keywords to learn more about each warning.
To ignore, add // eslint-disable-next-line to the line before.

WARNING in [eslint] 
src\components\layout\Header.jsx
  Line 74:8:  React Hook useEffect has a missing dependency: 'quotes.length'. Either include it or remove the dependency array  react-hooks/exhaustive-deps
  Line 95:8:  React Hook useEffect has a missing dependency: 'searchQuery'. Either include it or remove the dependency array    react-hooks/exhaustive-deps

webpack compiled with 1 warning
Compiling...
Compiled with warnings.

[eslint] 
src\components\layout\Header.jsx
  Line 74:8:  React Hook useEffect has a missing dependency: 'quotes.length'. Either include it or remove the dependency array  react-hooks/exhaustive-deps
  Line 95:8:  React Hook useEffect has a missing dependency: 'searchQuery'. Either include it or remove the dependency array    react-hooks/exhaustive-deps

Search for the keywords to learn more about each warning.
To ignore, add // eslint-disable-next-line to the line before.

WARNING in [eslint] 
src\components\layout\Header.jsx
  Line 74:8:  React Hook useEffect has a missing dependency: 'quotes.length'. Either include it or remove the dependency array  react-hooks/exhaustive-deps
  Line 95:8:  React Hook useEffect has a missing dependency: 'searchQuery'. Either include it or remove the dependency array    react-hooks/exhaustive-deps

webpack compiled with 1 warning
Compiling...
Compiled with warnings.

[eslint] 
src\components\layout\Header.jsx
  Line 74:8:  React Hook useEffect has a missing dependency: 'quotes.length'. Either include it or remove the dependency array  react-hooks/exhaustive-deps
  Line 95:8:  React Hook useEffect has a missing dependency: 'searchQuery'. Either include it or remove the dependency array    react-hooks/exhaustive-deps

Search for the keywords to learn more about each warning.
To ignore, add // eslint-disable-next-line to the line before.

WARNING in [eslint] 
src\components\layout\Header.jsx
  Line 74:8:  React Hook useEffect has a missing dependency: 'quotes.length'. Either include it or remove the dependency array  react-hooks/exhaustive-deps
  Line 95:8:  React Hook useEffect has a missing dependency: 'searchQuery'. Either include it or remove the dependency array    react-hooks/exhaustive-deps

webpack compiled with 1 warning
Compiling...
Compiled with warnings.

[eslint] 
src\components\layout\Header.jsx
  Line 74:8:  React Hook useEffect has a missing dependency: 'quotes.length'. Either include it or remove the dependency array  react-hooks/exhaustive-deps
  Line 95:8:  React Hook useEffect has a missing dependency: 'searchQuery'. Either include it or remove the dependency array    react-hooks/exhaustive-deps

Search for the keywords to learn more about each warning.
To ignore, add // eslint-disable-next-line to the line before.

WARNING in [eslint] 
src\components\layout\Header.jsx
  Line 74:8:  React Hook useEffect has a missing dependency: 'quotes.length'. Either include it or remove the dependency array  react-hooks/exhaustive-deps
  Line 95:8:  React Hook useEffect has a missing dependency: 'searchQuery'. Either include it or remove the dependency array    react-hooks/exhaustive-deps

webpack compiled with 1 warning
Compiling...
Compiled with warnings.

[eslint] 
src\components\layout\Header.jsx
  Line 74:8:  React Hook useEffect has a missing dependency: 'quotes.length'. Either include it or remove the dependency array  react-hooks/exhaustive-deps
  Line 95:8:  React Hook useEffect has a missing dependency: 'searchQuery'. Either include it or remove the dependency array    react-hooks/exhaustive-deps

Search for the keywords to learn more about each warning.
To ignore, add // eslint-disable-next-line to the line before.

WARNING in [eslint] 
src\components\layout\Header.jsx
  Line 74:8:  React Hook useEffect has a missing dependency: 'quotes.length'. Either include it or remove the dependency array  react-hooks/exhaustive-deps
  Line 95:8:  React Hook useEffect has a missing dependency: 'searchQuery'. Either include it or remove the dependency array    react-hooks/exhaustive-deps

webpack compiled with 1 warning
Compiling...
Compiled with warnings.

[eslint] 
src\components\layout\Header.jsx
  Line 74:8:  React Hook useEffect has a missing dependency: 'quotes.length'. Either include it or remove the dependency array  react-hooks/exhaustive-deps
  Line 95:8:  React Hook useEffect has a missing dependency: 'searchQuery'. Either include it or remove the dependency array    react-hooks/exhaustive-deps

Search for the keywords to learn more about each warning.
To ignore, add // eslint-disable-next-line to the line before.

WARNING in [eslint] 
src\components\layout\Header.jsx
  Line 74:8:  React Hook useEffect has a missing dependency: 'quotes.length'. Either include it or remove the dependency array  react-hooks/exhaustive-deps
  Line 95:8:  React Hook useEffect has a missing dependency: 'searchQuery'. Either include it or remove the dependency array    react-hooks/exhaustive-deps

webpack compiled with 1 warning
Compiling...
Compiled with warnings.

[eslint] 
src\components\layout\Header.jsx
  Line 74:8:  React Hook useEffect has a missing dependency: 'quotes.length'. Either include it or remove the dependency array  react-hooks/exhaustive-deps
  Line 95:8:  React Hook useEffect has a missing dependency: 'searchQuery'. Either include it or remove the dependency array    react-hooks/exhaustive-deps

Search for the keywords to learn more about each warning.
To ignore, add // eslint-disable-next-line to the line before.

WARNING in [eslint] 
src\components\layout\Header.jsx
  Line 74:8:  React Hook useEffect has a missing dependency: 'quotes.length'. Either include it or remove the dependency array  react-hooks/exhaustive-deps
  Line 95:8:  React Hook useEffect has a missing dependency: 'searchQuery'. Either include it or remove the dependency array    react-hooks/exhaustive-deps

webpack compiled with 1 warning
Compiling...
Compiled with warnings.

[eslint] 
src\components\layout\Header.jsx
  Line 74:8:  React Hook useEffect has a missing dependency: 'quotes.length'. Either include it or remove the dependency array  react-hooks/exhaustive-deps
  Line 95:8:  React Hook useEffect has a missing dependency: 'searchQuery'. Either include it or remove the dependency array    react-hooks/exhaustive-deps

Search for the keywords to learn more about each warning.
To ignore, add // eslint-disable-next-line to the line before.

WARNING in [eslint] 
src\components\layout\Header.jsx
  Line 74:8:  React Hook useEffect has a missing dependency: 'quotes.length'. Either include it or remove the dependency array  react-hooks/exhaustive-deps
  Line 95:8:  React Hook useEffect has a missing dependency: 'searchQuery'. Either include it or remove the dependency array    react-hooks/exhaustive-deps

webpack compiled with 1 warning
Compiling...
Compiled with warnings.

[eslint] 
src\components\layout\Header.jsx
  Line 74:8:  React Hook useEffect has a missing dependency: 'quotes.length'. Either include it or remove the dependency array  react-hooks/exhaustive-deps
  Line 95:8:  React Hook useEffect has a missing dependency: 'searchQuery'. Either include it or remove the dependency array    react-hooks/exhaustive-deps

Search for the keywords to learn more about each warning.
To ignore, add // eslint-disable-next-line to the line before.

WARNING in [eslint] 
src\components\layout\Header.jsx
  Line 74:8:  React Hook useEffect has a missing dependency: 'quotes.length'. Either include it or remove the dependency array  react-hooks/exhaustive-deps
  Line 95:8:  React Hook useEffect has a missing dependency: 'searchQuery'. Either include it or remove the dependency array    react-hooks/exhaustive-deps

webpack compiled with 1 warning
Compiling...
Compiled with warnings.

[eslint] 
src\components\layout\Header.jsx
  Line 74:8:  React Hook useEffect has a missing dependency: 'quotes.length'. Either include it or remove the dependency array  react-hooks/exhaustive-deps
  Line 95:8:  React Hook useEffect has a missing dependency: 'searchQuery'. Either include it or remove the dependency array    react-hooks/exhaustive-deps

Search for the keywords to learn more about each warning.
To ignore, add // eslint-disable-next-line to the line before.

WARNING in [eslint] 
src\components\layout\Header.jsx
  Line 74:8:  React Hook useEffect has a missing dependency: 'quotes.length'. Either include it or remove the dependency array  react-hooks/exhaustive-deps
  Line 95:8:  React Hook useEffect has a missing dependency: 'searchQuery'. Either include it or remove the dependency array    react-hooks/exhaustive-deps

webpack compiled with 1 warning
Compiling...
Compiled with warnings.

[eslint] 
src\components\layout\Header.jsx
  Line 74:8:  React Hook useEffect has a missing dependency: 'quotes.length'. Either include it or remove the dependency array  react-hooks/exhaustive-deps
  Line 95:8:  React Hook useEffect has a missing dependency: 'searchQuery'. Either include it or remove the dependency array    react-hooks/exhaustive-deps

Search for the keywords to learn more about each warning.
To ignore, add // eslint-disable-next-line to the line before.

WARNING in [eslint] 
src\components\layout\Header.jsx
  Line 74:8:  React Hook useEffect has a missing dependency: 'quotes.length'. Either include it or remove the dependency array  react-hooks/exhaustive-deps
  Line 95:8:  React Hook useEffect has a missing dependency: 'searchQuery'. Either include it or remove the dependency array    react-hooks/exhaustive-deps

webpack compiled with 1 warning
Compiling...
Compiled with warnings.

[eslint] 
src\components\layout\Header.jsx
  Line 74:8:  React Hook useEffect has a missing dependency: 'quotes.length'. Either include it or remove the dependency array  react-hooks/exhaustive-deps
  Line 95:8:  React Hook useEffect has a missing dependency: 'searchQuery'. Either include it or remove the dependency array    react-hooks/exhaustive-deps

Search for the keywords to learn more about each warning.
To ignore, add // eslint-disable-next-line to the line before.

WARNING in [eslint] 
src\components\layout\Header.jsx
  Line 74:8:  React Hook useEffect has a missing dependency: 'quotes.length'. Either include it or remove the dependency array  react-hooks/exhaustive-deps
  Line 95:8:  React Hook useEffect has a missing dependency: 'searchQuery'. Either include it or remove the dependency array    react-hooks/exhaustive-deps

webpack compiled with 1 warning
Compiling...
Compiled with warnings.

[eslint] 
src\components\layout\Header.jsx
  Line 74:8:  React Hook useEffect has a missing dependency: 'quotes.length'. Either include it or remove the dependency array  react-hooks/exhaustive-deps
  Line 95:8:  React Hook useEffect has a missing dependency: 'searchQuery'. Either include it or remove the dependency array    react-hooks/exhaustive-deps

Search for the keywords to learn more about each warning.
To ignore, add // eslint-disable-next-line to the line before.

WARNING in [eslint] 
src\components\layout\Header.jsx
  Line 74:8:  React Hook useEffect has a missing dependency: 'quotes.length'. Either include it or remove the dependency array  react-hooks/exhaustive-deps
  Line 95:8:  React Hook useEffect has a missing dependency: 'searchQuery'. Either include it or remove the dependency array    react-hooks/exhaustive-deps

webpack compiled with 1 warning
Compiling...
Compiled with warnings.

[eslint] 
src\components\layout\Header.jsx
  Line 74:8:  React Hook useEffect has a missing dependency: 'quotes.length'. Either include it or remove the dependency array  react-hooks/exhaustive-deps
  Line 95:8:  React Hook useEffect has a missing dependency: 'searchQuery'. Either include it or remove the dependency array    react-hooks/exhaustive-deps

Search for the keywords to learn more about each warning.
To ignore, add // eslint-disable-next-line to the line before.

WARNING in [eslint] 
src\components\layout\Header.jsx
  Line 74:8:  React Hook useEffect has a missing dependency: 'quotes.length'. Either include it or remove the dependency array  react-hooks/exhaustive-deps
  Line 95:8:  React Hook useEffect has a missing dependency: 'searchQuery'. Either include it or remove the dependency array    react-hooks/exhaustive-deps

webpack compiled with 1 warning
Compiling...
Compiled with warnings.

[eslint] 
src\components\layout\Header.jsx
  Line 74:8:  React Hook useEffect has a missing dependency: 'quotes.length'. Either include it or remove the dependency array  react-hooks/exhaustive-deps
  Line 95:8:  React Hook useEffect has a missing dependency: 'searchQuery'. Either include it or remove the dependency array    react-hooks/exhaustive-deps

Search for the keywords to learn more about each warning.
To ignore, add // eslint-disable-next-line to the line before.

WARNING in [eslint] 
src\components\layout\Header.jsx
  Line 74:8:  React Hook useEffect has a missing dependency: 'quotes.length'. Either include it or remove the dependency array  react-hooks/exhaustive-deps
  Line 95:8:  React Hook useEffect has a missing dependency: 'searchQuery'. Either include it or remove the dependency array    react-hooks/exhaustive-deps

webpack compiled with 1 warning
Compiling...
Compiled with warnings.

[eslint] 
src\components\layout\Header.jsx
  Line 74:8:    React Hook useEffect has a missing dependency: 'quotes.length'. Either include it or remove the dependency array  react-hooks/exhaustive-deps
  Line 95:8:    React Hook useEffect has a missing dependency: 'searchQuery'. Either include it or remove the dependency array    react-hooks/exhaustive-deps
  Line 123:11:  'countBadgeSx' is assigned a value but never used                                                                 no-unused-vars

Search for the keywords to learn more about each warning.
To ignore, add // eslint-disable-next-line to the line before.

WARNING in [eslint] 
src\components\layout\Header.jsx
  Line 74:8:    React Hook useEffect has a missing dependency: 'quotes.length'. Either include it or remove the dependency array  react-hooks/exhaustive-deps
  Line 95:8:    React Hook useEffect has a missing dependency: 'searchQuery'. Either include it or remove the dependency array    react-hooks/exhaustive-deps
  Line 123:11:  'countBadgeSx' is assigned a value but never used                                                                 no-unused-vars

webpack compiled with 1 warning
Compiling...
Compiled with warnings.

[eslint] 
src\components\layout\Header.jsx
  Line 74:8:    React Hook useEffect has a missing dependency: 'quotes.length'. Either include it or remove the dependency array  react-hooks/exhaustive-deps
  Line 95:8:    React Hook useEffect has a missing dependency: 'searchQuery'. Either include it or remove the dependency array    react-hooks/exhaustive-deps
  Line 123:11:  'countBadgeSx' is assigned a value but never used                                                                 no-unused-vars

Search for the keywords to learn more about each warning.
To ignore, add // eslint-disable-next-line to the line before.

WARNING in [eslint] 
src\components\layout\Header.jsx
  Line 74:8:    React Hook useEffect has a missing dependency: 'quotes.length'. Either include it or remove the dependency array  react-hooks/exhaustive-deps
  Line 95:8:    React Hook useEffect has a missing dependency: 'searchQuery'. Either include it or remove the dependency array    react-hooks/exhaustive-deps
  Line 123:11:  'countBadgeSx' is assigned a value but never used                                                                 no-unused-vars

webpack compiled with 1 warning
Compiling...
Compiled with warnings.

[eslint] 
src\components\layout\Header.jsx
  Line 74:8:  React Hook useEffect has a missing dependency: 'quotes.length'. Either include it or remove the dependency array  react-hooks/exhaustive-deps
  Line 95:8:  React Hook useEffect has a missing dependency: 'searchQuery'. Either include it or remove the dependency array    react-hooks/exhaustive-deps

Search for the keywords to learn more about each warning.
To ignore, add // eslint-disable-next-line to the line before.

WARNING in [eslint] 
src\components\layout\Header.jsx
  Line 74:8:  React Hook useEffect has a missing dependency: 'quotes.length'. Either include it or remove the dependency array  react-hooks/exhaustive-deps
  Line 95:8:  React Hook useEffect has a missing dependency: 'searchQuery'. Either include it or remove the dependency array    react-hooks/exhaustive-deps

webpack compiled with 1 warning
Compiling...
Compiled with warnings.

[eslint] 
src\components\layout\Header.jsx
  Line 74:8:  React Hook useEffect has a missing dependency: 'quotes.length'. Either include it or remove the dependency array  react-hooks/exhaustive-deps
  Line 95:8:  React Hook useEffect has a missing dependency: 'searchQuery'. Either include it or remove the dependency array    react-hooks/exhaustive-deps

Search for the keywords to learn more about each warning.
To ignore, add // eslint-disable-next-line to the line before.

WARNING in [eslint] 
src\components\layout\Header.jsx
  Line 74:8:  React Hook useEffect has a missing dependency: 'quotes.length'. Either include it or remove the dependency array  react-hooks/exhaustive-deps
  Line 95:8:  React Hook useEffect has a missing dependency: 'searchQuery'. Either include it or remove the dependency array    react-hooks/exhaustive-deps

webpack compiled with 1 warning
Compiling...
Compiled with warnings.

[eslint] 
src\components\layout\Header.jsx
  Line 74:8:  React Hook useEffect has a missing dependency: 'quotes.length'. Either include it or remove the dependency array  react-hooks/exhaustive-deps
  Line 95:8:  React Hook useEffect has a missing dependency: 'searchQuery'. Either include it or remove the dependency array    react-hooks/exhaustive-deps

Search for the keywords to learn more about each warning.
To ignore, add // eslint-disable-next-line to the line before.

WARNING in [eslint] 
src\components\layout\Header.jsx
  Line 74:8:  React Hook useEffect has a missing dependency: 'quotes.length'. Either include it or remove the dependency array  react-hooks/exhaustive-deps
  Line 95:8:  React Hook useEffect has a missing dependency: 'searchQuery'. Either include it or remove the dependency array    react-hooks/exhaustive-deps

webpack compiled with 1 warning
Compiling...
Compiled with warnings.

[eslint] 
src\components\layout\Header.jsx
  Line 74:8:  React Hook useEffect has a missing dependency: 'quotes.length'. Either include it or remove the dependency array  react-hooks/exhaustive-deps
  Line 95:8:  React Hook useEffect has a missing dependency: 'searchQuery'. Either include it or remove the dependency array    react-hooks/exhaustive-deps

Search for the keywords to learn more about each warning.
To ignore, add // eslint-disable-next-line to the line before.

WARNING in [eslint] 
src\components\layout\Header.jsx
  Line 74:8:  React Hook useEffect has a missing dependency: 'quotes.length'. Either include it or remove the dependency array  react-hooks/exhaustive-deps
  Line 95:8:  React Hook useEffect has a missing dependency: 'searchQuery'. Either include it or remove the dependency array    react-hooks/exhaustive-deps

webpack compiled with 1 warning
Compiling...
Compiled with warnings.

[eslint] 
src\components\layout\Header.jsx
  Line 74:8:  React Hook useEffect has a missing dependency: 'quotes.length'. Either include it or remove the dependency array  react-hooks/exhaustive-deps
  Line 95:8:  React Hook useEffect has a missing dependency: 'searchQuery'. Either include it or remove the dependency array    react-hooks/exhaustive-deps

Search for the keywords to learn more about each warning.
To ignore, add // eslint-disable-next-line to the line before.

WARNING in [eslint] 
src\components\layout\Header.jsx
  Line 74:8:  React Hook useEffect has a missing dependency: 'quotes.length'. Either include it or remove the dependency array  react-hooks/exhaustive-deps
  Line 95:8:  React Hook useEffect has a missing dependency: 'searchQuery'. Either include it or remove the dependency array    react-hooks/exhaustive-deps

webpack compiled with 1 warning
Compiling...
Compiled with warnings.

[eslint] 
src\components\layout\Header.jsx
  Line 74:8:  React Hook useEffect has a missing dependency: 'quotes.length'. Either include it or remove the dependency array  react-hooks/exhaustive-deps
  Line 95:8:  React Hook useEffect has a missing dependency: 'searchQuery'. Either include it or remove the dependency array    react-hooks/exhaustive-deps

Search for the keywords to learn more about each warning.
To ignore, add // eslint-disable-next-line to the line before.

WARNING in [eslint] 
src\components\layout\Header.jsx
  Line 74:8:  React Hook useEffect has a missing dependency: 'quotes.length'. Either include it or remove the dependency array  react-hooks/exhaustive-deps
  Line 95:8:  React Hook useEffect has a missing dependency: 'searchQuery'. Either include it or remove the dependency array    react-hooks/exhaustive-deps

webpack compiled with 1 warning
Compiling...
Compiled with warnings.

[eslint] 
src\components\layout\Header.jsx
  Line 74:8:  React Hook useEffect has a missing dependency: 'quotes.length'. Either include it or remove the dependency array  react-hooks/exhaustive-deps
  Line 95:8:  React Hook useEffect has a missing dependency: 'searchQuery'. Either include it or remove the dependency array    react-hooks/exhaustive-deps

Search for the keywords to learn more about each warning.
To ignore, add // eslint-disable-next-line to the line before.

WARNING in [eslint] 
src\components\layout\Header.jsx
  Line 74:8:  React Hook useEffect has a missing dependency: 'quotes.length'. Either include it or remove the dependency array  react-hooks/exhaustive-deps
  Line 95:8:  React Hook useEffect has a missing dependency: 'searchQuery'. Either include it or remove the dependency array    react-hooks/exhaustive-deps

webpack compiled with 1 warning
Compiling...
Compiled with warnings.

[eslint] 
src\components\layout\Header.jsx
  Line 74:8:  React Hook useEffect has a missing dependency: 'quotes.length'. Either include it or remove the dependency array  react-hooks/exhaustive-deps
  Line 95:8:  React Hook useEffect has a missing dependency: 'searchQuery'. Either include it or remove the dependency array    react-hooks/exhaustive-deps

Search for the keywords to learn more about each warning.
To ignore, add // eslint-disable-next-line to the line before.

WARNING in [eslint] 
src\components\layout\Header.jsx
  Line 74:8:  React Hook useEffect has a missing dependency: 'quotes.length'. Either include it or remove the dependency array  react-hooks/exhaustive-deps
  Line 95:8:  React Hook useEffect has a missing dependency: 'searchQuery'. Either include it or remove the dependency array    react-hooks/exhaustive-deps

webpack compiled with 1 warning
Compiling...
Compiled with warnings.

[eslint] 
src\components\layout\Header.jsx
  Line 74:8:  React Hook useEffect has a missing dependency: 'quotes.length'. Either include it or remove the dependency array  react-hooks/exhaustive-deps
  Line 95:8:  React Hook useEffect has a missing dependency: 'searchQuery'. Either include it or remove the dependency array    react-hooks/exhaustive-deps

Search for the keywords to learn more about each warning.
To ignore, add // eslint-disable-next-line to the line before.

WARNING in [eslint] 
src\components\layout\Header.jsx
  Line 74:8:  React Hook useEffect has a missing dependency: 'quotes.length'. Either include it or remove the dependency array  react-hooks/exhaustive-deps
  Line 95:8:  React Hook useEffect has a missing dependency: 'searchQuery'. Either include it or remove the dependency array    react-hooks/exhaustive-deps

webpack compiled with 1 warning
Compiling...
Compiled with warnings.

[eslint] 
src\components\layout\Header.jsx
  Line 74:8:  React Hook useEffect has a missing dependency: 'quotes.length'. Either include it or remove the dependency array  react-hooks/exhaustive-deps
  Line 95:8:  React Hook useEffect has a missing dependency: 'searchQuery'. Either include it or remove the dependency array    react-hooks/exhaustive-deps

Search for the keywords to learn more about each warning.
To ignore, add // eslint-disable-next-line to the line before.

WARNING in [eslint] 
src\components\layout\Header.jsx
  Line 74:8:  React Hook useEffect has a missing dependency: 'quotes.length'. Either include it or remove the dependency array  react-hooks/exhaustive-deps
  Line 95:8:  React Hook useEffect has a missing dependency: 'searchQuery'. Either include it or remove the dependency array    react-hooks/exhaustive-deps

webpack compiled with 1 warning
Compiling...
Compiled with warnings.

[eslint] 
src\components\layout\Header.jsx
  Line 74:8:  React Hook useEffect has a missing dependency: 'quotes.length'. Either include it or remove the dependency array  react-hooks/exhaustive-deps
  Line 95:8:  React Hook useEffect has a missing dependency: 'searchQuery'. Either include it or remove the dependency array    react-hooks/exhaustive-deps

Search for the keywords to learn more about each warning.
To ignore, add // eslint-disable-next-line to the line before.

WARNING in [eslint] 
src\components\layout\Header.jsx
  Line 74:8:  React Hook useEffect has a missing dependency: 'quotes.length'. Either include it or remove the dependency array  react-hooks/exhaustive-deps
  Line 95:8:  React Hook useEffect has a missing dependency: 'searchQuery'. Either include it or remove the dependency array    react-hooks/exhaustive-deps

webpack compiled with 1 warning
Compiling...
Compiled with warnings.

[eslint] 
src\components\layout\Header.jsx
  Line 74:8:  React Hook useEffect has a missing dependency: 'quotes.length'. Either include it or remove the dependency array  react-hooks/exhaustive-deps
  Line 95:8:  React Hook useEffect has a missing dependency: 'searchQuery'. Either include it or remove the dependency array    react-hooks/exhaustive-deps

Search for the keywords to learn more about each warning.
To ignore, add // eslint-disable-next-line to the line before.

WARNING in [eslint] 
src\components\layout\Header.jsx
  Line 74:8:  React Hook useEffect has a missing dependency: 'quotes.length'. Either include it or remove the dependency array  react-hooks/exhaustive-deps
  Line 95:8:  React Hook useEffect has a missing dependency: 'searchQuery'. Either include it or remove the dependency array    react-hooks/exhaustive-deps

webpack compiled with 1 warning
Compiling...
Compiled with warnings.

[eslint] 
src\components\layout\Header.jsx
  Line 74:8:  React Hook useEffect has a missing dependency: 'quotes.length'. Either include it or remove the dependency array  react-hooks/exhaustive-deps
  Line 95:8:  React Hook useEffect has a missing dependency: 'searchQuery'. Either include it or remove the dependency array    react-hooks/exhaustive-deps

Search for the keywords to learn more about each warning.
To ignore, add // eslint-disable-next-line to the line before.

WARNING in [eslint] 
src\components\layout\Header.jsx
  Line 74:8:  React Hook useEffect has a missing dependency: 'quotes.length'. Either include it or remove the dependency array  react-hooks/exhaustive-deps
  Line 95:8:  React Hook useEffect has a missing dependency: 'searchQuery'. Either include it or remove the dependency array    react-hooks/exhaustive-deps

webpack compiled with 1 warning
Compiling...
Compiled with warnings.

[eslint] 
src\components\layout\Header.jsx
  Line 74:8:  React Hook useEffect has a missing dependency: 'quotes.length'. Either include it or remove the dependency array  react-hooks/exhaustive-deps
  Line 95:8:  React Hook useEffect has a missing dependency: 'searchQuery'. Either include it or remove the dependency array    react-hooks/exhaustive-deps

Search for the keywords to learn more about each warning.
To ignore, add // eslint-disable-next-line to the line before.

WARNING in [eslint] 
src\components\layout\Header.jsx
  Line 74:8:  React Hook useEffect has a missing dependency: 'quotes.length'. Either include it or remove the dependency array  react-hooks/exhaustive-deps
  Line 95:8:  React Hook useEffect has a missing dependency: 'searchQuery'. Either include it or remove the dependency array    react-hooks/exhaustive-deps

webpack compiled with 1 warning
Compiling...
Compiled with warnings.

[eslint] 
src\components\layout\Header.jsx
  Line 74:8:  React Hook useEffect has a missing dependency: 'quotes.length'. Either include it or remove the dependency array  react-hooks/exhaustive-deps
  Line 95:8:  React Hook useEffect has a missing dependency: 'searchQuery'. Either include it or remove the dependency array    react-hooks/exhaustive-deps

Search for the keywords to learn more about each warning.
To ignore, add // eslint-disable-next-line to the line before.

WARNING in [eslint] 
src\components\layout\Header.jsx
  Line 74:8:  React Hook useEffect has a missing dependency: 'quotes.length'. Either include it or remove the dependency array  react-hooks/exhaustive-deps
  Line 95:8:  React Hook useEffect has a missing dependency: 'searchQuery'. Either include it or remove the dependency array    react-hooks/exhaustive-deps

webpack compiled with 1 warning
Compiling...
Compiled with warnings.

[eslint] 
src\components\layout\Header.jsx
  Line 74:8:  React Hook useEffect has a missing dependency: 'quotes.length'. Either include it or remove the dependency array  react-hooks/exhaustive-deps
  Line 95:8:  React Hook useEffect has a missing dependency: 'searchQuery'. Either include it or remove the dependency array    react-hooks/exhaustive-deps

Search for the keywords to learn more about each warning.
To ignore, add // eslint-disable-next-line to the line before.

WARNING in [eslint] 
src\components\layout\Header.jsx
  Line 74:8:  React Hook useEffect has a missing dependency: 'quotes.length'. Either include it or remove the dependency array  react-hooks/exhaustive-deps
  Line 95:8:  React Hook useEffect has a missing dependency: 'searchQuery'. Either include it or remove the dependency array    react-hooks/exhaustive-deps

webpack compiled with 1 warning
Compiling...
Compiled with warnings.

[eslint] 
src\components\layout\Header.jsx
  Line 74:8:  React Hook useEffect has a missing dependency: 'quotes.length'. Either include it or remove the dependency array  react-hooks/exhaustive-deps
  Line 95:8:  React Hook useEffect has a missing dependency: 'searchQuery'. Either include it or remove the dependency array    react-hooks/exhaustive-deps

src\pages\AddProductPage.js
  Line 270:49:  Duplicate key 'boxShadow'  no-dupe-keys

Search for the keywords to learn more about each warning.
To ignore, add // eslint-disable-next-line to the line before.

WARNING in [eslint] 
src\components\layout\Header.jsx
  Line 74:8:  React Hook useEffect has a missing dependency: 'quotes.length'. Either include it or remove the dependency array  react-hooks/exhaustive-deps
  Line 95:8:  React Hook useEffect has a missing dependency: 'searchQuery'. Either include it or remove the dependency array    react-hooks/exhaustive-deps

src\pages\AddProductPage.js
  Line 270:49:  Duplicate key 'boxShadow'  no-dupe-keys

webpack compiled with 1 warning
Compiling...
Compiled with warnings.

[eslint] 
src\components\layout\Header.jsx
  Line 74:8:  React Hook useEffect has a missing dependency: 'quotes.length'. Either include it or remove the dependency array  react-hooks/exhaustive-deps
  Line 95:8:  React Hook useEffect has a missing dependency: 'searchQuery'. Either include it or remove the dependency array    react-hooks/exhaustive-deps

Search for the keywords to learn more about each warning.
To ignore, add // eslint-disable-next-line to the line before.

WARNING in [eslint] 
src\components\layout\Header.jsx
  Line 74:8:  React Hook useEffect has a missing dependency: 'quotes.length'. Either include it or remove the dependency array  react-hooks/exhaustive-deps
  Line 95:8:  React Hook useEffect has a missing dependency: 'searchQuery'. Either include it or remove the dependency array    react-hooks/exhaustive-deps

webpack compiled with 1 warning
Compiling...
Compiled with warnings.

[eslint] 
src\components\layout\Header.jsx
  Line 74:8:  React Hook useEffect has a missing dependency: 'quotes.length'. Either include it or remove the dependency array  react-hooks/exhaustive-deps
  Line 95:8:  React Hook useEffect has a missing dependency: 'searchQuery'. Either include it or remove the dependency array    react-hooks/exhaustive-deps

Search for the keywords to learn more about each warning.
To ignore, add // eslint-disable-next-line to the line before.

WARNING in [eslint] 
src\components\layout\Header.jsx
  Line 74:8:  React Hook useEffect has a missing dependency: 'quotes.length'. Either include it or remove the dependency array  react-hooks/exhaustive-deps
  Line 95:8:  React Hook useEffect has a missing dependency: 'searchQuery'. Either include it or remove the dependency array    react-hooks/exhaustive-deps

webpack compiled with 1 warning
Compiling...
Compiled with warnings.

[eslint] 
src\components\layout\Header.jsx
  Line 74:8:  React Hook useEffect has a missing dependency: 'quotes.length'. Either include it or remove the dependency array  react-hooks/exhaustive-deps
  Line 95:8:  React Hook useEffect has a missing dependency: 'searchQuery'. Either include it or remove the dependency array    react-hooks/exhaustive-deps

Search for the keywords to learn more about each warning.
To ignore, add // eslint-disable-next-line to the line before.

WARNING in [eslint] 
src\components\layout\Header.jsx
  Line 74:8:  React Hook useEffect has a missing dependency: 'quotes.length'. Either include it or remove the dependency array  react-hooks/exhaustive-deps
  Line 95:8:  React Hook useEffect has a missing dependency: 'searchQuery'. Either include it or remove the dependency array    react-hooks/exhaustive-deps

webpack compiled with 1 warning
Compiling...
Compiled with warnings.

[eslint] 
src\components\layout\Header.jsx
  Line 74:8:  React Hook useEffect has a missing dependency: 'quotes.length'. Either include it or remove the dependency array  react-hooks/exhaustive-deps
  Line 95:8:  React Hook useEffect has a missing dependency: 'searchQuery'. Either include it or remove the dependency array    react-hooks/exhaustive-deps

Search for the keywords to learn more about each warning.
To ignore, add // eslint-disable-next-line to the line before.

WARNING in [eslint] 
src\components\layout\Header.jsx
  Line 74:8:  React Hook useEffect has a missing dependency: 'quotes.length'. Either include it or remove the dependency array  react-hooks/exhaustive-deps
  Line 95:8:  React Hook useEffect has a missing dependency: 'searchQuery'. Either include it or remove the dependency array    react-hooks/exhaustive-deps

webpack compiled with 1 warning
Compiling...
Compiled with warnings.

[eslint] 
src\components\layout\Header.jsx
  Line 74:8:  React Hook useEffect has a missing dependency: 'quotes.length'. Either include it or remove the dependency array  react-hooks/exhaustive-deps
  Line 95:8:  React Hook useEffect has a missing dependency: 'searchQuery'. Either include it or remove the dependency array    react-hooks/exhaustive-deps

Search for the keywords to learn more about each warning.
To ignore, add // eslint-disable-next-line to the line before.

WARNING in [eslint] 
src\components\layout\Header.jsx
  Line 74:8:  React Hook useEffect has a missing dependency: 'quotes.length'. Either include it or remove the dependency array  react-hooks/exhaustive-deps
  Line 95:8:  React Hook useEffect has a missing dependency: 'searchQuery'. Either include it or remove the dependency array    react-hooks/exhaustive-deps

webpack compiled with 1 warning
Compiling...
Compiled with warnings.

[eslint] 
src\components\layout\Header.jsx
  Line 74:8:  React Hook useEffect has a missing dependency: 'quotes.length'. Either include it or remove the dependency array  react-hooks/exhaustive-deps
  Line 95:8:  React Hook useEffect has a missing dependency: 'searchQuery'. Either include it or remove the dependency array    react-hooks/exhaustive-deps

Search for the keywords to learn more about each warning.
To ignore, add // eslint-disable-next-line to the line before.

WARNING in [eslint] 
src\components\layout\Header.jsx
  Line 74:8:  React Hook useEffect has a missing dependency: 'quotes.length'. Either include it or remove the dependency array  react-hooks/exhaustive-deps
  Line 95:8:  React Hook useEffect has a missing dependency: 'searchQuery'. Either include it or remove the dependency array    react-hooks/exhaustive-deps

webpack compiled with 1 warning
Compiling...
Compiled with warnings.

[eslint] 
src\components\layout\Header.jsx
  Line 74:8:  React Hook useEffect has a missing dependency: 'quotes.length'. Either include it or remove the dependency array  react-hooks/exhaustive-deps
  Line 95:8:  React Hook useEffect has a missing dependency: 'searchQuery'. Either include it or remove the dependency array    react-hooks/exhaustive-deps

Search for the keywords to learn more about each warning.
To ignore, add // eslint-disable-next-line to the line before.

WARNING in [eslint] 
src\components\layout\Header.jsx
  Line 74:8:  React Hook useEffect has a missing dependency: 'quotes.length'. Either include it or remove the dependency array  react-hooks/exhaustive-deps
  Line 95:8:  React Hook useEffect has a missing dependency: 'searchQuery'. Either include it or remove the dependency array    react-hooks/exhaustive-deps

webpack compiled with 1 warning
Compiling...
Compiled with warnings.

[eslint] 
src\components\layout\Header.jsx
  Line 74:8:  React Hook useEffect has a missing dependency: 'quotes.length'. Either include it or remove the dependency array  react-hooks/exhaustive-deps
  Line 95:8:  React Hook useEffect has a missing dependency: 'searchQuery'. Either include it or remove the dependency array    react-hooks/exhaustive-deps

Search for the keywords to learn more about each warning.
To ignore, add // eslint-disable-next-line to the line before.

WARNING in [eslint] 
src\components\layout\Header.jsx
  Line 74:8:  React Hook useEffect has a missing dependency: 'quotes.length'. Either include it or remove the dependency array  react-hooks/exhaustive-deps
  Line 95:8:  React Hook useEffect has a missing dependency: 'searchQuery'. Either include it or remove the dependency array    react-hooks/exhaustive-deps

webpack compiled with 1 warning
Compiling...
Compiled with warnings.

[eslint] 
src\components\layout\Header.jsx
  Line 74:8:  React Hook useEffect has a missing dependency: 'quotes.length'. Either include it or remove the dependency array  react-hooks/exhaustive-deps
  Line 95:8:  React Hook useEffect has a missing dependency: 'searchQuery'. Either include it or remove the dependency array    react-hooks/exhaustive-deps

Search for the keywords to learn more about each warning.
To ignore, add // eslint-disable-next-line to the line before.

WARNING in [eslint] 
src\components\layout\Header.jsx
  Line 74:8:  React Hook useEffect has a missing dependency: 'quotes.length'. Either include it or remove the dependency array  react-hooks/exhaustive-deps
  Line 95:8:  React Hook useEffect has a missing dependency: 'searchQuery'. Either include it or remove the dependency array    react-hooks/exhaustive-deps

webpack compiled with 1 warning
Compiling...
Compiled with warnings.

[eslint] 
src\components\layout\Header.jsx
  Line 74:8:  React Hook useEffect has a missing dependency: 'quotes.length'. Either include it or remove the dependency array  react-hooks/exhaustive-deps
  Line 95:8:  React Hook useEffect has a missing dependency: 'searchQuery'. Either include it or remove the dependency array    react-hooks/exhaustive-deps

Search for the keywords to learn more about each warning.
To ignore, add // eslint-disable-next-line to the line before.

WARNING in [eslint] 
src\components\layout\Header.jsx
  Line 74:8:  React Hook useEffect has a missing dependency: 'quotes.length'. Either include it or remove the dependency array  react-hooks/exhaustive-deps
  Line 95:8:  React Hook useEffect has a missing dependency: 'searchQuery'. Either include it or remove the dependency array    react-hooks/exhaustive-deps

webpack compiled with 1 warning
Compiling...
Compiled with warnings.

[eslint] 
src\components\layout\Header.jsx
  Line 74:8:  React Hook useEffect has a missing dependency: 'quotes.length'. Either include it or remove the dependency array  react-hooks/exhaustive-deps
  Line 95:8:  React Hook useEffect has a missing dependency: 'searchQuery'. Either include it or remove the dependency array    react-hooks/exhaustive-deps

Search for the keywords to learn more about each warning.
To ignore, add // eslint-disable-next-line to the line before.

WARNING in [eslint] 
src\components\layout\Header.jsx
  Line 74:8:  React Hook useEffect has a missing dependency: 'quotes.length'. Either include it or remove the dependency array  react-hooks/exhaustive-deps
  Line 95:8:  React Hook useEffect has a missing dependency: 'searchQuery'. Either include it or remove the dependency array    react-hooks/exhaustive-deps

webpack compiled with 1 warning
Compiling...
Compiled with warnings.

[eslint] 
src\components\layout\Header.jsx
  Line 74:8:  React Hook useEffect has a missing dependency: 'quotes.length'. Either include it or remove the dependency array  react-hooks/exhaustive-deps
  Line 95:8:  React Hook useEffect has a missing dependency: 'searchQuery'. Either include it or remove the dependency array    react-hooks/exhaustive-deps

Search for the keywords to learn more about each warning.
To ignore, add // eslint-disable-next-line to the line before.

WARNING in [eslint] 
src\components\layout\Header.jsx
  Line 74:8:  React Hook useEffect has a missing dependency: 'quotes.length'. Either include it or remove the dependency array  react-hooks/exhaustive-deps
  Line 95:8:  React Hook useEffect has a missing dependency: 'searchQuery'. Either include it or remove the dependency array    react-hooks/exhaustive-deps

webpack compiled with 1 warning
Compiling...
Compiled with warnings.

[eslint] 
src\components\layout\Header.jsx
  Line 74:8:  React Hook useEffect has a missing dependency: 'quotes.length'. Either include it or remove the dependency array  react-hooks/exhaustive-deps
  Line 95:8:  React Hook useEffect has a missing dependency: 'searchQuery'. Either include it or remove the dependency array    react-hooks/exhaustive-deps

Search for the keywords to learn more about each warning.
To ignore, add // eslint-disable-next-line to the line before.

WARNING in [eslint] 
src\components\layout\Header.jsx
  Line 74:8:  React Hook useEffect has a missing dependency: 'quotes.length'. Either include it or remove the dependency array  react-hooks/exhaustive-deps
  Line 95:8:  React Hook useEffect has a missing dependency: 'searchQuery'. Either include it or remove the dependency array    react-hooks/exhaustive-deps

webpack compiled with 1 warning
Compiling...
Compiled with warnings.

[eslint] 
src\components\layout\Header.jsx
  Line 74:8:  React Hook useEffect has a missing dependency: 'quotes.length'. Either include it or remove the dependency array  react-hooks/exhaustive-deps
  Line 95:8:  React Hook useEffect has a missing dependency: 'searchQuery'. Either include it or remove the dependency array    react-hooks/exhaustive-deps

Search for the keywords to learn more about each warning.
To ignore, add // eslint-disable-next-line to the line before.

WARNING in [eslint] 
src\components\layout\Header.jsx
  Line 74:8:  React Hook useEffect has a missing dependency: 'quotes.length'. Either include it or remove the dependency array  react-hooks/exhaustive-deps
  Line 95:8:  React Hook useEffect has a missing dependency: 'searchQuery'. Either include it or remove the dependency array    react-hooks/exhaustive-deps

webpack compiled with 1 warning
